8158196,https://www.shibariumtech.com
8158195,https://app.getresponse.com/site2/1548098ca8cdd8e11a7f1ec45a9e2152/?u=tFZ8m&webforms_id=haJZO
8158193,https://ch.protocolcybeerconnect.cloud
8158192,http://maitreelansari.com/infringeys.php
8158191,https://dropcrypto.top/pancakeswap/?p
8158186,https://ddhhddhgyytdtdytdtdgfdgfgdgfdfgdffgddfgdfgdggfdgfdgf.weebly.com/
8158185,https://6da6859ceaa3fd05be87.wwwibmoneta-cz.icu/ib/login
8158184,https://turvallisuus02738-op-fi.info/
8158183,https://sony-money-kit.is/all/login.php
8158182,https://cloud-drops.top/mana/?prt=1974
8158181,https://killabears.airdrop-limited.com/
8158178,https://suge-smile.com/login
8158176,https://psyopc.com/
8158174,https://bitzapt.com
8158171,https://zelaxce.com/
8158169,https://bitglux.com/
8158143,https://aircryptogpt.top/
8158142,https://krota.me/k2ro/wh7TPN
8158137,http://loyal.gl/
8158136,https://loyalben.com/
8158136,https://loyalben.com/
8158124,http://dgarin.jp.net/5UNAkH13040iYll139wbqkigceht1259RJTHUIAPQITYYDA6/23466r17
8158115,https://codewave.com.br/wp-admin/webtech/
8158114,https://tundrafile.com/show.php?l=0&u=546537&id=48641&tracking_id=
8158111,https://www.pchack.pro/
8158107,https://stimulating--ventana08.repl.co/
8158106,https://1.welcomeq.repl.co/
8158099,https://krytkeis.ru/login/vk.php?
8158095,https://bridge.zksync.io
8158093,https://www.camelot-exchanges.com
8158091,https://www.cryptofi.tech
8158089,https://chlvowaliet.us/CONFIRMAR
8158081,https://updateinfo.websitechuyennghiep.com/sign
8158058,https://www.infura-ipfs.io/ipfs/QmZPkEqQVgEyCqYUZ6Ew8gnaGocvznewCeSJd4y6fJaC2E/
8158057,https://ipfs.io/ipfs/QmSUbQ5n9GuwCKmZnsUvGL9nTYipCSys86RZ5qRmZpYFeV
8158056,https://bafybeihcacq6sxn2lsypsl3t45urxpxi6wzopbhhi3powp3z3qc55kynqm.ipfs.dweb.link/
8158055,http://bafybeihcacq6sxn2lsypsl3t45urxpxi6wzopbhhi3powp3z3qc55kynqm.ipfs.dweb.link/
8158053,https://gw3.io/ipfs/bafybeiao7az7cs5eiifsvose2ufmvngqhhc4kme2awcrc3drfnbg2zrabm/
8158052,https://ad93491d-bbb5-43d3-9d49-414098286460.filesusr.com/html/aac114_39ae8c09bc4eef287e4c6e04de222704.html
8158034,https://t.co/fMiRB5cfeF?signature=newsletter&trackingid=SoxWm3QTDe5rBkYFbqxz3BqtfdNanDlgEup
8158000,https://lps.globalvenuslive.com/rfzw_7189_1_gt_gvl/?coc=ld_gt_zmt_2914_bi&subc=wv49tq4iv5ec161pip4h84bm&adid=127596927&voluum_campaign=9cb389f5-eeba-4722-ab37-970cf8d2637e&target=www_msn_com&widget=&adid=127596927&voluum_campaign=9cb389f5-eeba-4722-ab37-970cf8d2637e&target=www_msn_com&widget=www.msn.com&offerid=c8d89f26-ef07-483b-b057-77865771808b&M=2002
8157941,https://gw3.io/ipfs/QmQNuDbc7ngtp6DfqJRB6mBqoTWhy96DYVFqfRTQMq93yf/yahoo
8157812,https://j9nzlwqn.r.us-east-1.awstrack.me/L0/https:%2F%2Ftram3direct.blogspot.com%2F920/1/010001885d31fe13-77326fa5-5a9b-4ecb-b919-32241ae1cdc6-000000/uRKUyRG4WStgbw6QlgUO0ihdPdc=323
8157803,https://liquidaestoqueamericanas.com/854736219
8157800,https://www.equitycharthub.io
8157792,https://infonoreply.com/de/fb5be493cb98a937e4fbecdec5696e052d57c23a7f7b496bceaae7a978790817f351cd4672cbc72b73b770617df82fd9/index.php
8157791,https://rengelinkfonds.nl/shppment/home/index.php
8157782,https://loyalty.claims/
8157780,http://links.notification.intuit.com/wf/open?upn=otrL7ZWJkIL-2ByDn4Nt-2BGUFWw7r5Zm13aGggnKDlBHhYFXX57W4Qn48CbCtczNgSsiz-2F7K8NwI-2BFTBp85-2BV-2FmO9XwfIaNGwmqcwM1a0kpi76N6QarZ9eJ2uagUuJnLHCHx84h5kOW4cx3fKdF7CeKXlgzbjrcyj10vzsfY2PHoZSO9BOKHiaIAaaODNfNr1-2FvRKpBzbYMNcprA-2FquCrBD5zH6V4vELOiSVSmCb0vtPq5qeI7UiiI8oNVK0dL1fQY6FvGgmVxBsKX8-2FB3dffaace2JQ4FCOxNoAiSd6OHZnlz4AFCuqzA-2F390gAR70mtjZXuikMtuamYLSJIEA7daZv-2FacUemRANk6U75fSjAqEWnYl90D4qFJh7kJg7uUUGaqOHV0z1SjJZ5mCodsqZw7csAxWqwx5v-2Fv1p6gdd8SALolEZjfKIayW-2BxZ543WHbr729vasOMTKb0DZwNmfy9xmfQ8MOY9xoh2OlmKOmXZdmYR0IDgNQbEUqrBWzB4wd7ws7Q30G7lyJzpld-2FYfeOSFG-2F7GbR7h-2Bs1K-2FMwkgNx20ETiT7mUjzYiQ4ACR2YnVWzI25r3OZ-2BwVRFidZRjGeBIo86v-2Flg8Tri5xGqsxXnFDGRzYtAp4Mx5slbIjFiw86Te-2FfilSnnXY3XPTa8MByQyyUqT-2BIBImDfVSTt39JiHPo9wuF8cu1DJERjVS8EWR50
8157778,https://appdex.netlify.app/
8157770,https://webfixpage.com/
8157759,https://pichainmail.store
8157753,https://boisterous-melba-13f2cf.netlify.app/?seref=Yj0xNDAwMyZ0PWUmc3U9NzUwOTkwNg==
8157752,https://smartengage.com/broadcast/external/239369597/14003/?sub_id=7509906&redirect=https://boisterous-melba-13f2cf.netlify.app
8157751,https://auth-sid0365aed2cae52-825ead24-9825ead2e52-925aed2.s3.us-east-005.backblazeb2.com/INV-8365aed2.html
8157750,https://come.to/oz0w27
8157749,http://resgateonlinepontos.gotdns.com/mobile/control.php
8157748,http://guardiao30horas.com/formulario/home.php?autenticacao=HUIQHWEUI23989023BND2DJ209Y9HDVWIFKH037908345345&id=38865
8157747,http://159.203.63.179/control.php
8157746,http://159.203.63.179
8157743,http://seguroappempresa.com/
8157742,https://ocabluecreditos.webador.es/
8157741,http://170.187.145.89
8157737,https://foxpost-hu.paymant-id.site
8157734,https://vdlhid.bond/
8157730,http://threeolivedesigns.com/sprayerqa.php?b=squirmed&x=axolotls&u=specimens&c=superimposed
8157726,https://gohunts.monster/
8157724,https://bit.ly/42Z693I
8157722,https://arubapaga.page.link/NLtk
8157720,https://canshu.cn-csgo.com/
8157712,https://peekshow.live/
8157708,https://banid.pythonanywhere.com/std/app/verification
8157702,https://banid.pythonanywhere.com/std/siffer/verification?u=3e967029e3398df62b73ae54aae9b4904d4c912496d2fc997a14992dccd4d8d1&secret=f5ff1998359c9932bb54f2f64cc3170342158a6998077e2a6247c5f183303629
8157697,https://hasbulla.tech
8157695,https://rfdgot.org
8157694,https://rfddrop.org
8157692,https://www.connect2capital.com
8157691,https://www.drinkpod.com
8157688,http://psyop.day/
8157685,https://claim-my-yoda.com/
8157685,https://claim-my-yoda.com/
8157673,https://extension-meta.viewdns.net/FMfcgzGsmhgmvjpSDDDvkDTNzwfLMWQW/df3bf/
8157672,https://ing.gestiondeaccesos.info
8157663,https://harmony-one.abmoverspackers.com
8157659,https://thewealthinhands.systeme.io/aimailer
8157658,https://www.boredapeyachtclub-my.com/
8157653,https://cake-bakery.org
8157650,https://vela-exhance.io/
8157647,https://panckakeswap.site/
8157645,https://xrp2024.top/
8157644,http://xrp2024.top/
8157643,https://pancakeswap-web3.pages.dev/
8157641,https://express.adobe.com/page/9rwqY4DvzWZCa/
8157640,https://sites.google.com/view/cuscatlan/p%C3%A1gina-principal?authuser=1
8157639,https://validarcuentacusca63232.weebly.com/
8157638,https://express.adobe.com/page/a4e4nPUNGpuTl/
8157637,https://jxw0z6.codesandbox.io/?bk=YW5kcmV3ODUxQG9wdHVzbmV0LmNvbS5hdQ==
8157636,https://www.jobbkk.com/mail_jobupdate/stats/click/72009/?target_link=http%3A%2F%2Fjxw0z6.codesandbox.io/?bk=YW5kcmV3ODUxQG9wdHVzbmV0LmNvbS5hdQ==
8157635,https://ingresobancadigital--imogenes27.repl.co/
8157634,https://soamboaqdy.ru.com/
8157634,https://soamboaqdy.ru.com/
8157633,https://express.adobe.com/page/XgWZOqCeICkuW/
8157632,https://claimfidenza.com/
8157631,http://davosprotocol.com/
8157626,https://www.cybercomect.pw
8157625,https://www.cybercomect.world
8157624,https://valrpro.com/
8157622,https://s.id/1K66v
8157621,https://steamcommuniltyru.ru/
8157620,https://stearnmcommunitly.ru/
8157619,https://cloudflare-ipfs.com/ipfs/bafybeiff2kit7n2cfwsl5rhnp3b3kpvwniqgwddgvcks5x2cj3nxzcbque/randloadnew.html
8157618,https://cloudflare-ipfs.com/ipfs/bafybeigrsmytaj4pn4v33ex7cl2qqvrd74abc7yw4z2euw6kll54zfgjpq
8157617,https://ipfs.io/ipfs/bafybeidn672ddnyaxypeyh3gyefhjwnvc24d7bo3ipk3ly2mk665m5rvpy/jskyjero_onedriveio.html
8157616,https://ipfs.io/ipfs/Qme8vKFBFNgkjuPoGLRDqj18u6CJN4P5UBYzXnVyZHcHTP?filename=idex.html/
8157615,https://gateway.ipfs.io/ipfs/QmY1i2WVsiJ98DiSC3ctLYRvUe4oPGLthxhvf1Lef15YyG/
8157612,https://www.yebotzki.com/B8F8DJJN/7N8NS1K/?&sub1=K2PWD4KHTYOB2RZ4LUNSIJXZZB7O6RCKYWOQD6D7KACFWDSWME%3D%3D%3D%3D%3D%3D&sub2=930582&sub3=259119361
8157611,https://G43aGt640.aristobonto.com/uteritis/OgJNK4sp5qtjSu5wKIefIyDboabBt6r4TSsQkhPhgdT1PnLZV6KsRnlhu6Z11e5O0XCgNIb_YeMhYRkbcnzxafgJ_dV4FWQdwSVXIdDF3n6hAm5HY0qYrgEc9-B0s_pImZAZ3NPHr6oTirQai9aeOpWbT1JpABh3nAS2z-IazNO99S94k8N3gBS064G
8157610,https://pancakeswap-web3.com/
8157608,https://dev-bancdigitlbankcusctlan.pantheonsite.io
8157607,https://webcuscaplan.webcindario.com/
8157607,https://webcuscaplan.webcindario.com/
8157606,https://express.adobe.com/page/xs92qTA4f75sL/
8157603,https://cuscatlan-5.jimdosite.com/
8157601,https://marcelinacono.webcindario.com/
8157600,https://linkbio.co/5052518FO4V1g
8157598,https://sites.google.com/view/banca-digital-cuscatlantops
8157595,https://dev-c2387.pantheonsite.io
8157593,https://sites.google.com/view/cuscatlan-sv-salvador1/p√°gina-principal
8157591,https://xk273sj23.dnsalias.com/sign
8157589,https://vdlhid.bond/?fbclid=IwAR0AEwmnlC3j2Q7ARua1v_biud1tNz5N5A-R4MoWAPV6oZvqseQKiKmW95s
8157265,http://aluproindia.com/
8157257,https://www.mailinsightful.com/BCXNBWMS/7N8NS1K/?uid=33&sub1=5UQPYNNUP6V4CCLMOO2OSUDL4DYORWBOORFVA7QBKIMAWXHQ5I%3D%3D%3D%3D%3D%3D&sub2=64710d3525eb0956855d4d8e
8157256,http://www.elerased.com/ZhtRJbSDQ6awDmnzljbJ3IPcLGRh9y6wdyoNxLH7zD1NzN5GmKyGSSTWmJb1WulYA0F9CK30Vxwy0b8UHcbhqA==
8157242,https://ipfs.io/ipfs/bafybeihg7bypr6xb3bbbcdwgthzbhrwnvkgzrtlppnsih3uq5cxsb2wqou/metanew2.html
8157235,https://www.tiktok.com/@bolivianolibre/video/7235774911204117765?_r=1&_t=8cWCQ9n5QYQ
8157077,https://app.cradle.sbs/
8157073,https://webpromericaonlines.netlify.app/
8157071,https://ts.promericao1.repl.co
8157062,https://www.zweifel-sitec-ag.ch/
8157061,http://www.zweifel-sitec-ag.ch
8157060,https://promes.promericao1.repl.co
8157058,https://www.tradignview.online
8157057,https://boavistaconsulta.site/boavistaconsulta/
8157056,https://boavistaconsulta.site/platinworld/
8157055,https://scene.taurus.cash/promotion/aw/slm_1900024/u/56262162/s/s1/j1i16?channel=slm_1700002&lang=en&scene=s1&uid=56262162
8157054,https://sites.google.com/view/dgjgrthyncdvehygk/home
8157048,https://webpromericaonlines.netlify.app
8157047,https://ipfs.io/ipfs/bafybeibzcjy5buj4dvyl6fpa45fkfmqgmzsfmwmzbfdyiwb5q7nhce4igy/haykim5_office5v6.html
8157046,https://fleek.ipfs.io/ipfs/bafybeihgh4xmh3r3sx5wd3tfgcod5kp53vy6d23qirmjrinuzfagzz2icy/
8157045,https://fleek.ipfs.io/ipfs/bafybeihgh4xmh3r3sx5wd3tfgcod5kp53vy6d23qirmjrinuzfagzz2icy
8157044,https://ipfs.io/ipfs/bafybeie7akhivgb7achcd63m6yfwjsizibzqfpfx2l6fy363xrzougaywe/del_office8.html
8157042,https://gamesense.su
8157040,http://www.bcpzonasegurabeta.viabcp.multired-bn.com/
8157031,https://www.loguinsunicosvlalbpc.com
8157025,https://banese.agency
8157021,https://www.bbrabet.club/
8157020,https://fun366.com/?id=94894221
8157018,https://www.nativaspaindia.shop/
8157017,http://pouheds.shop/
8157013,http://secure-idme.info
8157010,https://www.do-paris.com/modules/autoupgrade/dkbde/home/Error.php?hash=NjQ5MzQzNjMzNTIyNg==&token=TW96aWxsYS81LjAgKFdpbmRvd3MgTlQgMTAuMDsgcnY6MTEzLjApIEdlY2tvLzIwMTAwMTAxIEZpcmVmb3gvMTEzLjAxOTQuMjUuOTguNzgyMDIzOk1heTpGcmk
8157008,http://bwpartners.kkb-ag.com/f/a/p0B-KDylhWd5Cvd6eud23w~~/AAUpSwA~/RgRmUM0sP0QpaHR0cHM6Ly93d3cucmVnLWJ3LmNvbS9tZWluZS9wcml2YXRrdW5kZW5XA3NwY0IKZGKkSG5kqvqwlFIUam9hY2hpbWhlcmJAeWFob28uZGVYBAAAAAA~
8157006,http://webdisk.idme4secure.duckdns.org
8157004,http://secure3idme.info
8157000,http://idme41me.info
8156996,https://idme-verify.info-36.com
8156993,https://copeslide.gq/
8156991,http://bradesco.atualizacaoremota.com/modulo/
8156988,https://desco-banking.com/acessar/%D0%B1%D0%B3%D0%B0descoOzp0jfB9xq/
8156985,http://url3824.artplacer.com/ls/click?upn=vRCEVzYRDK3YQ6SvtXzA-2B8-2BY0chxezhgyT6lyRl3neoTYJWnYAFIajnRDumsSVD4p8XU8yDGeLkB4wlMAb19zeZRQI4Sdz95pExW4gKZti2YuXkuNFE7-2BII89mqdmdN1y5wvjm6HkYAyhb4uaHouGtzMKaaifeCOSuSnHB6oF2j7wuO1WVV9vct0CiUGQAT0qDLuAEL70Z8sJ6i3bxLgb192eKxpHnoft4hFbB9Hsq3nwPdhxkbNkxs8wje0iwHX8TkEWwDSIZZQ13sSa1s4h9AR5AHPDVXHudh1swnngpo-3DE1jl_D-2FH7Ft8Y4rS-2B8265CJFfWddEi8Gqg4-2BDBLnTpzEld5B61wGus4UjnYmwlnJFhKgzOyxRy0CDHKU8uMYEwzzFTwQElrHtaqWk-2BWpcit36q2NfctyCBD7lftTKkcjH76sBd48biZTTsX5oyBSTGreCq6-2BkE3GeQrPJLEpY9gCrCLrlzbznj3R-2FTNwp7yTBhoUee1b-2BaeQt-2BaJIgEcURtZlpLox43T3ZEkYcvaFt83p7Rc-3D
8156983,http://www.570878.com./
8156982,https://clicks.aweber.com/y/ct/?l=uF.9An&m=iJtAzEaaLy9AqTX&b=I4gTS31dtQGPsGAgicrNUw#.aHR0cHM6Ly9zbWFydGNoaW1wLmNvbS5hdS9yc3MvaWdodXNlaW4vaWdodXNlaW5AcmhyaW50ZXJuYXRpb25hbC5jb20
8156976,https://www.one-bridgeharmony.com
8156970,https://promericass.kathytorre.repl.co
8156968,https://voeazuloior.online/
8156966,https://linktube.com/cclnsvline/
8156965,http://linktube.com/cclnsvline/
8156964,https://lbienvenidos.com
8156962,https://promeserve.netlify.app
8156961,https://promerics.kathytorre.repl.co
8156959,http://37.120.207.132:37869/web/?tid=dmFpYV9zYW1hcmEyNUB3ZWIuZGU
8156958,http://37.120.207.132:37869/web?tid=dmFpYV9zYW1hcmEyNUB3ZWIuZGU
8156956,https://resgate-pontoacumulado.com/resgates
8156954,https://ailos-br.epizy.com/?i=3
8156953,https://aiios-cooepe.epizy.com/?i=3
8156952,https://firstrepublictreasury.com/
8156951,https://www.frcorponateonline.com/wcmfd/wcmpw/CustomerLogin
8156950,https://maudit.net/auth
8156948,https://lbienvenidos.com/
8156947,http://lbienvenidos.com
8156946,https://bcpzonasegunalbeta.com
8156945,https://rogerradatz.org/
8156944,http://rogerradatz.org/
8156938,https://safrapay.ubctest.cybersource.com/ebc2/
8156936,https://nfe-pedidos984349.online/?COMON%2F=INDEX&id=5&tokenize=dfd01ce55ae8603f670baa3771f6f627
8156934,https://pages.qwilr.com/Doc-s-Home-auBzgZtRFmWY
8156933,https://promerc.promericao1.repl.co
8156930,https://promeris.promericao1.repl.co
8156929,https://beacons.ai/qxbx23
8156922,https://promeweb.promericao1.repl.co/sms1.html
