Phish ID, URL
8176706 , https://l049udjv.square.site/
8176705 , https://attdynamiccontrolrrlogin.square.site/
8176704 , https://att-loggin-8462.weeblysite.com/
8176703 , http://att-loggin-8462.weeblysite.com/
8176702 , https://sign-in-att-101522.weeblysite.com/
8176701 , http://wilmajety.website3.me/
8176698 , https://storage.googleapis.com/wmatlancvvg478eachipi/opyhtr.html#o9MK7Y4zO.ckG?fPLDpKccSHLwcy7kTcdcCDcKcC1CyjsC5cbbb5c
8176697 , https://turvallisuus81926-op-fi.info/
8176694 , https://turvallisuus81926-op-fi.info
8176690 , http://masterseguranca-logcomput-01.rag-cloud-ch.hosteur.com
8176689 , https://vrlive.com/autolimnetic/xlog/
8176688 , https://masterseguranca-logcomput-01.rag-cloud-ch.hosteur.com
8176687 , https://masterseguranca-logcomput-01.rag-cloud-ch.hosteur.com/
8176686 , http://vrlive.com/autolimnetic/xlog/index.htm
8176685 , https://s.id/1MfX8
8176684 , https://vrlive.com/autolimnetic/xlog/index.htm
8176683 , https://s.id/1MfX8/#/my@email.com.br
8176681 , http://urbanlabcolombia.com
8176680 , https://widget-5421702e0a024ed9a0d7f404f8cf7244.elfsig.ht/
8176675 , https://creditas-mx.com/
8176675 , https://creditas-mx.com/
8176674 , https://web.creditas-mx.com/
8176673 , https://lztalc.com/
8176672 , http://134.209.228.91/inicio/okyeus0kxp/index.php
8176671 , https://widget-c2a70ec313f146dcbe89ab01228868f7.elfsig.ht/
8176662 , https://global.cdn.magazord.com.br/mundodapesca/img/2023/06/templatemarketplace/1439/rooming-list-grupo-turistico-industrial.txt?_gl=1*16cef0d*_ga*MTM3NjQ1NDA2Mi4xNjYxODI5MjE2*_ga_4JXK3QVJ6X*MTY4NjY1NDIzNS42LjEuMTY4NjY1NDI1MC4wLjAuMA..
8176649 , https://paypal.com.mail-account.org/
8176648 , https://oliclark.com/01/others/ii.php?rand=13inboxlightaspxn.1774256418&fid.4.1252899642&fid=1&fav.1&rand.13inboxlight.aspxn.1774256418&fid.1252899642&fid.1&fav.1&email=sales@jmautoair.com.au?wa=tryyfs5546666&.rand=13inboxlight.aspx?n=1774256418&fid=4/
8176647 , https://trainingbest.ru/wp-content/plugins/member-luxe/i/diff.html/
8176646 , https://nghs.ru/libraries/pattemplate/patTemplate/chase.html/
8176639 , http://74.249.162.156/inicio/vww8rm6xjc/index.php
8176638 , https://realizesolucoesfinaceira.com/inicio/lv0wam7keu/index.php
8176637 , https://tmailddd.000webhostapp.com/fcvn.org.html
8176633 , https://www.sharestion.com/nam/06d390e3-6460-428a-b710-0f3e3039503a/373eab17-08f2-47a5-a1cb-5ca93cf281d8/78c76b0e-0975-49fd-9008-ac83582711bf/landing?id=NjFGUHdib20zcUFad0Q0VS9WcHRuZnpuZDVjbXRwWVJJWnJUTVBWMXMrdnVzMXlmZ3hHelNiZ3RpcmVaM2h5OXlkai9zKzVibndmZ3NWN1dJUjQwYmdUTTNGd05rRzltNnRzSFJXZXFBWDh4ZGcyd21YanZ0S2hYUGtIc01KOWcremY4cXdlVEd4QUJXZlNReXNsRURWQSt3Q2FwNnA3Nlc3bU9vbnFacms3SzYwdXczSmJNMDFLUGR4MFg4T09sVmp3ODBzcGxQS0pkeHM3QkdBMnRLZk1jQjZoTEdaMnhHdUFlOFp6eURKZnR3SXAvVDNGcTVsVnNJTXdoVjVsZ004QmU3WkhYZnBrZ093SU5ycC84Y3BodkFmVm1kbTh2Z2RZWGdKK3pIMnovVGRJYkZqTWVhNENucFFIY25sME1MNzBINm8wMnFxand5eTkvQk9Td0FUWTZ0cHJBRDNnQXRLOUFOblBOMTB1OFVQaXg5V2pUT1U1dTFBOGhxa2RzUDhiODBmRE9PQmtPU0VHNFlnaTIxUT09
8176632 , https://webmail-serviciodecoreoero.net/mail.php?id=3159048&utm_tem=5703572&utm_cmpaign=login&utm_mdium=3853027&utm_sorce=home&idauth=qUHQymPXSIkjwVOiRJEDNHZEPGiwqCHWmtnEnuUJjgyvVzs&prv=serviciodecorreo
8176631 , https://www.mail-ioonos.pritec.cl/
8176630 , https://www.seedifyfunds.com
8176628 , https://widget-bbd09479b6f9490fb0a4793730b4fb62.elfsig.ht/
8176618 , https://app-credlfoz-cliente.pagedemo.co
8176615 , https://www.matasoucp.rafaeldesigner.com.br/nedonlinesecur.stm
8176618 , https://app-credlfoz-cliente.pagedemo.co
8176615 , https://www.matasoucp.rafaeldesigner.com.br/nedonlinesecur.stm
8176606 , https://credi-app.azurewebsites.net/index.php
8176597 , https://barageur.wbsqueen.com/paket4?a78sd
8176596 , https://www.sui-airdrop.store
8176595 , https://credi-app.azurewebsites.net/
8176590 , https://realizesolucoesdigital.com/7xs1j9ms.php
8176589 , https://unil16.wixsite.com/myunil1
8176588 , https://pentangle.org/xxbdjjdkkjvd/index.php
8176587 , https://pentangle.org/xxbdjjdkkjvd/verification/index.php
8176586 , https://filelinesharepp.weebly.com/
8176584 , https://paypai.techssupports.xyz/
8176583 , https://fbremotecustomerassistance.000webhostapp.com/dami63.html
8176582 , https://cloudflare-ipfs.com/ipfs/bafybeigd7fun3gacdiroa66puvsej5o7ahrlu6pdnw4z7nuycef4sfrmfm/
8176581 , https://dogma-art.com/wp-content/plugins/instagram-feed/js/sb-instagram.js?9&ver=1.8/
8176580 , http://laferre.com.ar/wp-admin/access/t-online.de.login/account/index/login.User2./telecom.mail.htm
8176575 , https://www.deems.shop/
8176574 , https://www.netpopu.com/
8176573 , http://email.mg.gtcteam11.com/c/eJxMyjtywyAQANDToC6a_Qi0FBRpVOQWCyyWEhllHHz_jGdSpHjdq2lBJV8mSxgkBIwgMu1pMauIsfgIuoZF1AfCVrJSDmrE05EIiCEgA6IAzEU5MjbPWbRpZbfA_TbfRhmmd8S5XPfpTPsY3z-O3x1tjrZu5es8uo39YVpfxdEG_5TIvi66ojCoYkDzNVbhDGI1xlf5eEN2tGkQa7pajUFM1lxiBFOrKxTyDbyj7dmPcy779EhN82G92_z57FdtVx_XeR423AJ_6TcAAP__jedRrQ
8176572 , http://email.mg.gtcteam11.com/c/eJxMyrFurTAMgOGnCdtFdhw78ZDhLgx9C5OYAy3Q6pT2-SukDh3-5dfXa0KL3AavKEUEFRIPa12yLgykfY5aoKkk7ySUBUG4zTZsNUIkECRAzEhj0pKtFTdY0hxnDwmOx_i42uV2II7t_Rj2ul7Xx2eg_yFOIU6nt7d9O_1an279JiFO8KemxD1ZxkJghoLOXXuhGYp31Zu8_EO6JYC7iTEoczMmwY6WXYSEi93k69z2sa3Ds3Y7N99t_LbXkOD3_wQAAP__5lVK0A
8176573 , http://email.mg.gtcteam11.com/c/eJxMyjtywyAQANDToC6a_Qi0FBRpVOQWCyyWEhllHHz_jGdSpHjdq2lBJV8mSxgkBIwgMu1pMauIsfgIuoZF1AfCVrJSDmrE05EIiCEgA6IAzEU5MjbPWbRpZbfA_TbfRhmmd8S5XPfpTPsY3z-O3x1tjrZu5es8uo39YVpfxdEG_5TIvi66ojCoYkDzNVbhDGI1xlf5eEN2tGkQa7pajUFM1lxiBFOrKxTyDbyj7dmPcy779EhN82G92_z57FdtVx_XeR423AJ_6TcAAP__jedRrQ
8176572 , http://email.mg.gtcteam11.com/c/eJxMyrFurTAMgOGnCdtFdhw78ZDhLgx9C5OYAy3Q6pT2-SukDh3-5dfXa0KL3AavKEUEFRIPa12yLgykfY5aoKkk7ySUBUG4zTZsNUIkECRAzEhj0pKtFTdY0hxnDwmOx_i42uV2II7t_Rj2ul7Xx2eg_yFOIU6nt7d9O_1an279JiFO8KemxD1ZxkJghoLOXXuhGYp31Zu8_EO6JYC7iTEoczMmwY6WXYSEi93k69z2sa3Ds3Y7N99t_LbXkOD3_wQAAP__5lVK0A
8176571 , https://www.plantagm.com/
8176568 , https://signin.capgemini.moatlp.com/portal.home/
8176564 , https://sparkasonline.org/
8176561 , https://www.ceip.ltd/index1.asp
8176558 , http://81F.geritwilliams.com/#x
8176557 , http://havan.bio
8176555 , https://antrs.ru/support/files/
8176554 , https://newskinandcare.com/wp-includes/wwii22/RenelecConstructionhasevolvedfromitsrootswithinRenelec/login.php
8176553 , https://ebay-community-co-uk-forums-de-discussion.html-5.me/
8176552 , http://pentangle.org/xxbdjjdkkjvd/index.php
8176551 , http://pentangle.org/xxbdjjdkkjvd/verification/index.php
8176544 , https://43.153.207.103/ServiceLogin?passive=1209600&continue=https://accounts.google.com/?&xrealip=107.178.232.174&followup=https://accounts.google.com/?&xrealip=107.178.232.174/
8176540 , https://43.153.192.86/ServiceLogin?passive=1209600&continue=https://accounts.google.com/?&xrealip=35.203.255.117&followup=https://accounts.google.com/?/
8176536 , http://billionaire-club.main.jp/wp/ssl/ssl/PortailAS/appmanager/PortailAS/assure_somtc=true/2f341159de1ac9590919e4428bb85d79/
8176526 , http://43.156.5.148/ServiceLogin?passive=1209600&continue=https://accounts.google.com/?&xrealip=107.178.232.182&followup=https://accounts.google.com/?&xrealip=107.178.232.182
8176518 , http://43.153.207.103/ServiceLogin?passive=1209600&continue=https://accounts.google.com/?&xrealip=107.178.232.247&followup=https://accounts.google.com/?&xrealip=107.178.232.247
8176511 , https://myhomes.myclickfunnels.com/suit/
8176510 , https://untamed-cockpits.000webhostapp.com/
8176500 , https://bancolombia-com-mua.vercel.app/?dxba304/
8176499 , https://https.appleid.apple.com-unblock-id.litheware.com/
8176498 , https://digitalcouponservice.com/wp-admin/js/di/swisscomspx/swisscomspx/swisscomspx/swisscomspx/swisscom/
8176497 , https://bancolombia-com-mua.vercel.app/?dxba304
8176496 , http://bancolombia-com-mua.vercel.app/?dxba304
8176495 , https://richmondesteelsolutions.com/res/
8176492 , https://fortizpe.com/
8176490 , https://designnest.ro/zpr.html
8176489 , https://0f0aa1a798aa.godaddysites.com/
8176488 , https://firebasestorage.googleapis.com/v0/b/ncsu-edu.appspot.com/o/ncsu.edu.html?alt=media&token=28b475cc-6913-43e5-9e53-05e233b70627&_gl=1*3bywnh*_ga*Njc3NjY4NDc1LjE2ODE5NDc1NTE.*_ga_CW55HF8NVT*MTY4NjUwMDcwMC4xMC4xLjE2ODY1MDA3MDMuMC4wLjA
8176484 , https://harmony-bridge.kkremm.com
8176482 , http://astrazenecafinance.com/
8176481 , https://zan667.sa.com/redir/ane.jearie@microsoft.com
8176480 , https://facultycorreo.weebly.com/
8176479 , https://ixslogistics.com/Login/Update/Info/mp/signin/
8176478 , https://ebay-whslesmall.com/
8176477 , http://ebay-whslesmall.com/
8176476 , https://ebay-goshop.com/
8176475 , http://ebay-goshop.com/
8176474 , http://salonandspaindia.com/.well-known/index.html
8176474 , http://salonandspaindia.com/.well-known/index.html
8176473 , https://pise.info/PayPal/
8176472 , https://bpplc.cc/
8176468 , https://mailappssupport.custumeradds9283763.monster/?xmail
8176463 , https://ipfs.io/ipfs/QmSXn4H12aM1WGvFh7RgnSrTebzjvqVim7iHT9ZLHysExJ/00donpautoweb.html
8176461 , https://www.mediafire.com/download_repair.php?flag=3&dkey=z0t1nunei9nglIHnxDlHBJE6gs%2D2FFBqjheunC4HTEU%2DzBej64WlPUhMx6NsCX7MrN1SeBstCgN9uYhe5MP4cINYym%5FgKzXhqmxMbnx9inZ0LS%2D0FD7TV8%2DZkWjigo3aS7s%5FaIVKjUeip2tydwxGVUwR6%5FxbIVzzQVOWmL2Cz33hIQYWig&qkey=y9souuu98bhucm7&ip=34%2E198%2E46%2E118
8176455 , https://turbazar.ru/url/index?url=https://whampro.myriad.ltd/.well-known/?MHzgJaVeNGisEVwLDUEdIfkeXgvPVTNUJMyoCyKgTKqMIpaqvf&email=#YWJ1c2VAaW9ub3MuY29t=
8176454 , https://utp-grupp.ru/
8176453 , https://studio48london.com/storm/DDDAS/?email=test.test@newirelond.ie&kjhgdhj=Newirelond.ie&sdfg=iuyu/
8176452 , https://studio48london.com/storm/DDDAS/?email=stephen.aherne@cbre.com&kjhgdhj=Cbre.com&sdfg=iuyu/
8176451 , https://studio48london.com/storm/DDDAS/?email=asdas.awasd@abc.com&kjhgdhj=abc.com&sdfg=iuyu/
8176450 , https://defiappsprotocol.firebaseapp.com/
8176446 , https://webmail-serviciodecoreoero.com/?prv=1and1
8176445 , https://theaa.matrix-test.com/
8176444 , http://theaa.matrix-test.com/
8176440 , http://learningtlm.com/strangestiutation/
8176439 , http://cliente-caixa.info/
8176438 , https://pn.netwys.com
8176436 , https://vendettanet.com/
8176435 , https://vendettasafetylulz.com/
8176439 , http://cliente-caixa.info/
8176438 , https://pn.netwys.com
8176436 , https://vendettanet.com/
8176435 , https://vendettasafetylulz.com/
8176431 , https://ipfs.io/ipfs/bafybeidbsm5grmx2l6hdew4cl4i6ghsht4iibloiklpelfil2y4ttyliiq#spam@spam.invalid
8176428 , https://salamsarbaz.com/cu
8176424 , https://bellrock.ch/ada.php
8176421 , https://amendes-servicepublique.info/
8176420 , https://amende-service-public.com/
8176405 , http://vaulted-bittersweet-lock.glitch.me/ibenikj.html
8176395 , https://sgdbs-bank.life
8176388 , https://csgo2hub.com/beta
8176383 , http://t9iba.net/web/Assistenza/iniciar/?access=aleofyj
8176382 , https://t9iba.net/web/
8176378 , https://es.gethuman.com/help/Exodus
8176377 , https://fi-omavero.net/
8176375 , http://unimelb-au-edu.org/
8176372 , http://srv192410.hoster-test.ru/DHL-DE/
8176366 , https://markfriedmanaccounting.org/wp-content/themes/twentytwentyone/dzjrfr/captcha/
8176363 , https://bitkub.dotbitcoin.com/
8176472 , https://bpplc.cc/
8176468 , https://mailappssupport.custumeradds9283763.monster/?xmail
8176463 , https://ipfs.io/ipfs/QmSXn4H12aM1WGvFh7RgnSrTebzjvqVim7iHT9ZLHysExJ/00donpautoweb.html
8176461 , https://www.mediafire.com/download_repair.php?flag=3&dkey=z0t1nunei9nglIHnxDlHBJE6gs%2D2FFBqjheunC4HTEU%2DzBej64WlPUhMx6NsCX7MrN1SeBstCgN9uYhe5MP4cINYym%5FgKzXhqmxMbnx9inZ0LS%2D0FD7TV8%2DZkWjigo3aS7s%5FaIVKjUeip2tydwxGVUwR6%5FxbIVzzQVOWmL2Cz33hIQYWig&qkey=y9souuu98bhucm7&ip=34%2E198%2E46%2E118
8176455 , https://turbazar.ru/url/index?url=https://whampro.myriad.ltd/.well-known/?MHzgJaVeNGisEVwLDUEdIfkeXgvPVTNUJMyoCyKgTKqMIpaqvf&email=#YWJ1c2VAaW9ub3MuY29t=
8176454 , https://utp-grupp.ru/
8176453 , https://studio48london.com/storm/DDDAS/?email=test.test@newirelond.ie&kjhgdhj=Newirelond.ie&sdfg=iuyu/
8176452 , https://studio48london.com/storm/DDDAS/?email=stephen.aherne@cbre.com&kjhgdhj=Cbre.com&sdfg=iuyu/
8176451 , https://studio48london.com/storm/DDDAS/?email=asdas.awasd@abc.com&kjhgdhj=abc.com&sdfg=iuyu/
8176450 , https://defiappsprotocol.firebaseapp.com/
8176446 , https://webmail-serviciodecoreoero.com/?prv=1and1
8176445 , https://theaa.matrix-test.com/
8176444 , http://theaa.matrix-test.com/
8176440 , http://learningtlm.com/strangestiutation/
8176439 , http://cliente-caixa.info/
8176438 , https://pn.netwys.com
8176436 , https://vendettanet.com/
8176435 , https://vendettasafetylulz.com/
8176431 , https://ipfs.io/ipfs/bafybeidbsm5grmx2l6hdew4cl4i6ghsht4iibloiklpelfil2y4ttyliiq#spam@spam.invalid
8176428 , https://salamsarbaz.com/cu
8176382 , https://t9iba.net/web/
8176378 , https://es.gethuman.com/help/Exodus
8176377 , https://fi-omavero.net/
8176375 , http://unimelb-au-edu.org/
8176372 , http://srv192410.hoster-test.ru/DHL-DE/
8176366 , https://markfriedmanaccounting.org/wp-content/themes/twentytwentyone/dzjrfr/captcha/
8176363 , https://bitkub.dotbitcoin.com/
8176357 , https://drftrdesdrft.guavv.com
8176356 , https://75T0RD22.transley.eu/gen/75T0RD22/#YTJWdWFH=%20%20RnlaRUJ2Y0hSMWMyNWxkQzVqYjIwdVlYVT0=3D
8176345 , https://exam.lagikosong.com/signin?verify=cr51_e7a77ce375202a0d151ec0183f0f6497
8176344 , https://1andvalidsl.com/enc.php?enc=redacted@abuse.ionos.com&email=redacted@abuse.ionos.com&em=redacted@abuse.ionos.com
8176343 , https://ionos.es-validacion.pro/main.php?&id=5712315&utm_tem=3578837&utm_cmpaign=login&utm_mdium=473931&utm_sorce=home&idauth2=redacted@abuse.ionos.com
8176333 , https://www.icd.icu/?shiny
8176330 , https://orgbless.com/wp-content/maintenance/assets/images/fsd/system.php?zonealldom==YWFhYUBleGFtcGxlLmpw
8176329 , https://bionuclear.com.ar/fuf.php=YWFhYUBleGFtcGxlLmpw
8176322 , https://darbbags.com/
8176302 , https://nhanqua-freefire.grarena.vn/GOyN3Ib7WYA3eGUNN2F
8176293 , http://bitly.ws/I6Ww
8176292 , https://hotm.art/1NUnTeQ
8176068 , https://ofertaexclusivas.com/623475918
8176363 , https://bitkub.dotbitcoin.com/
8176357 , https://drftrdesdrft.guavv.com
8176356 , https://75T0RD22.transley.eu/gen/75T0RD22/#YTJWdWFH=%20%20RnlaRUJ2Y0hSMWMyNWxkQzVqYjIwdVlYVT0=3D
8176345 , https://exam.lagikosong.com/signin?verify=cr51_e7a77ce375202a0d151ec0183f0f6497
8176344 , https://1andvalidsl.com/enc.php?enc=redacted@abuse.ionos.com&email=redacted@abuse.ionos.com&em=redacted@abuse.ionos.com
8176343 , https://ionos.es-validacion.pro/main.php?&id=5712315&utm_tem=3578837&utm_cmpaign=login&utm_mdium=473931&utm_sorce=home&idauth2=redacted@abuse.ionos.com
8176333 , https://www.icd.icu/?shiny
8176330 , https://orgbless.com/wp-content/maintenance/assets/images/fsd/system.php?zonealldom==YWFhYUBleGFtcGxlLmpw
8176329 , https://bionuclear.com.ar/fuf.php=YWFhYUBleGFtcGxlLmpw
8176322 , https://darbbags.com/
8176302 , https://nhanqua-freefire.grarena.vn/GOyN3Ib7WYA3eGUNN2F
8176293 , http://bitly.ws/I6Ww
8176292 , https://hotm.art/1NUnTeQ
8176068 , https://ofertaexclusivas.com/623475918
8175910 , https://cloudsolution.co.id/wp-content/Liberty/
8175874 , https://andriaacress.blob.core.windows.net/zetergze/Internationzydf1.html
8175873 , https://bit.ly/3NmFfgW#c22678XIcjI1968679QbJn192248KqK146045NUxX184
8175872 , http://lionsgate-uk.com/index/user/login.html
8175871 , http://lionsgate-uk.com/
8175856 , https://es.es.ingdirect-es.inicio.com
8176068 , https://ofertaexclusivas.com/623475918
8175910 , https://cloudsolution.co.id/wp-content/Liberty/
8175874 , https://andriaacress.blob.core.windows.net/zetergze/Internationzydf1.html
8175873 , https://bit.ly/3NmFfgW#c22678XIcjI1968679QbJn192248KqK146045NUxX184
8175872 , http://lionsgate-uk.com/index/user/login.html
8175871 , http://lionsgate-uk.com/
8175856 , https://es.es.ingdirect-es.inicio.com
8175855 , https://es.www.es.ingdirect-es.inicio.com
8175850 , https://435e33c1cddd9662.actplkn.pl/p/zjqxytbhz/login/?
8175847 , https://6c492ca37da020.actplkn.pl/p/mjkynwmxm/login/?
8175807 , https://playtrials.pro/
8175801 , https://sephoraus.okta.sutrahunt.com/home/Usrlop/index.html
8175800 , https://sephoraus.okta.sutrahunt.com/home
8175797 , https://solucoescardfur.com/loginjsf.php?69608=b2c17ac1bbe81240dd075c151b81fcb4&69608
8175790 , https://files.fm/u/wnhp32x2r?share_email_id=12bc2b2
8175782 , https://onehealthamil.com.br/
8175777 , http://gwr.thenest.org/cadastros/?cliente=my@my.com.br
8175776 , http://gwr.thenest.org/cadastros/?cliente=dadadaad@dadadaad.com.br
8175775 , https://magazine.luiza-ofertas.com/?product=o91CcWGgRctEU3AnUAL1T1kthpMHWR235288800&id=63
8175774 , http://20.206.250.30/redirecionamento/tv32lgm.php
8175762 , https://linkz.ch/26
8175760 , https://the-miles-and-more-kartenabrechnung.de/
8175758 , https://konto.h-url.de/r/kartena
8175756 , https://joinbencoin.io/
8175750 , https://ketchupbar.ru
8175746 , http://www.brasucasimportados.com.br.mundodigitalbusiness.com
8175743 , https://rendaextraaqui.net-oficial.online/
8175742 , https://www.fbadssupport.site/
8175741 , https://liftdetoxcapsblack.online/
8175740 , https://abrir.link/dZp24
8175739 , https://edihzkxp.email/home
8175735 , https://garenamembership.online
8175734 , https://www.salesactivedesks.com/
8175733 , https://hostpointanun.theworkpc.com/insider/v4/checkpoint/
8175732 , https://sites.google.com/view/adwords-service-campanhas
8175731 , http://185.176.221.160/rd/c11504oQtUz51343ytbA1572wLP2968GhPt618
8175729 , https://cisco-italy.com/
8175725 , https://dlszobel-my.sharepoint.com/:w:/g/personal/n2019154_dlszobel_edu_ph/EZeCAA2q-Z1ClEGd2NvKraQBxbEzjie7dkF3lsMvuEc3mA?e=4%3a4CWjQ6&at=9
8175724 , http://beon-imjaewanim.repl.co
8175723 , https://bonhub.info
8175723 , https://bonhub.info
8175659 , https://taskerarmy.com//images/shugert/snd-update-lnk-lybrothcrs.php
8175509 , https://lps.socialflowhive.com/sapy_1_es_gt_sfh/?coc=ld_gt_ytbrf20241_3216_ib&target=&utm_adgroup=149655321482&keyword=&placement=6.0.2.iphone.com.resultadosfutbol.resultadosfutboliphone.adsenseformobileapps.com&network=vp&curr_city=1007583&device=m&creative=654932378133&targetid=&feedtimeid=&adposition=&device_model=apple%2Biphone&M=1002
8175507 , https://adferreira.org/tyu/sf_rand_string_lowercase6////cmFybm9sZEByaHJpbnRlcm5hdGlvbmFsLmNvbQ=3D=3D
8175505 , https://www.lex101labs.space/
8175504 , https://twsadad.fartit.com
8175503 , https://wegheaa.acmetoy.com
8175497 , https://www.avantibrappdc.online/livelo/
8175492 , https://psyopdrop.xyz/
8175489 , https://danielcacereslopez.com
8175486 , https://united.aerobookinghub.com/
8175484 , https://pepememelayer.com/
8175483 , https://lojaepocabr.com
8175482 , https://mooneychain.com/
8175475 , https://lcrvwxhh.live/74MSjAI
8175437 , https://www.hopper-tourism.com/
8175433 , https://salesmarketingninja.com/activa1/index1.html
8175423 , http://www.plada.cn/
8175422 , http://plada.cn
8175415 , https://omavero.info/
8175414 , https://spaerka.online/spk/Login/
8175410 , https://dkbabsicherung.com/de/MeinZahlungsportal/TanUberprufen/CkklKpEvNY27y/TkgzO/Vw9fHFHXGFSqrL8/Ivg/Tq6_its/?Js2y9R28=031320190&IeFgnrQ8L=MnIofq6GlrA8bYFAB2
8175407 , https://turvallisuus01437-op-fi.info/
8175406 , https://session01927-op-fi.info/
8175403 , https://numodulo.com/
8175402 , https://3sd.boats/srt/?8xh1h-pl
8175396 , https://script.google.com/macros/s/AKfycbyMfrrVDL4H5r8XoNSLzojT6SgYqa43_BwMwPlHkBtyQuNu4bpEphvMK9St8HpI8o4N/exec
8175394 , https://resgatebbpontos.com/m-livelo/index.php
8175393 , https://us-east4-clean-galaxy-388817.cloudfunctions.net/pontos
8175392 , http://shopemall-ph.com/index/user/login.html
8175391 , https://iupp.pontoscom.com/
8175390 , http://is.gd/PontosITAU
8175387 , https://portaliuppontoscliente.online/
8175385 , https://c0b3-2804-214-82ca-6440-e1f0-e8c8-d037-4c63.ngrok-free.app/
8175383 , https://www.bjnete.com/index2.php
8175382 , https://resgatesdepontosemprecom.com/
8175374 , https://portafolio.codigofuentesistemas.com/
8175372 , https://joyfulindianredproperty.selzep.repl.co/
8175361 , https://un1v3s1tar10.3426278.go.yj.fr
8175360 , https://moeypt.click
8175358 , http://moeypt.info
8175354 , https://camelot.gumsnteethdental.com
8175353 , https://assaii.com/
8175352 , https://assaiofertas.com/
8175347 , https://docs.google.com/forms/d/e/1FAIpQLSdKxrB-75W9mrsivY-LdMr5Q8-6BcAM3BC4EtIhjOid1gHltw/viewform?usp=send_form
8175316 , https://abuboxing2pro-1.mfs.gg/YmLqYVQ
8175313 , https://deliveryzeofertas.com/
8175310 , https://g2bebidasatacadao.com/
8175308 , https://www.cevatrans.com/
8175304 , https://accedi-online.eu/it/mobile/cli/01/index.php?siccura=25efb1446ad25211786ababd686d3bf51ce7878319997&vox=2b384f709fbf04d6efb2fd027efbc9a8f8e44d21
8175300 , https://bestairdrop.top/
8175299 , https://deliverydebebidas.online/
8175298 , https://eth-pads.top/
8175287 , https://bobbyshirley.com/melody/js/yanks/mit.edu/////cnBpZXJjZUByaHJpbnRlcm5hdGlvbmFsLmNvbQ==
8175282 , https://ffd213215e1ea9205.plkntww.pl/v/nmixyjuzowiyz/login/?
8175281 , https://zeadega.com/produto.php?id=69
8175275 , https://app-voluprot.netlify.app/account/remove-unrecognize-apps/?email
8175272 , https://www.galagames-gtf50.com
8175268 , https://labops.sa.com/Auth/new/xjh7rjvxtkdfsefmigx6f88ond121an1m8ezsvcy///amdlbGxlckByaHJpbnRlcm5hdGlvbmFsLmNvbQ=3D=3D
8175267 , https://id-me-verification.me.com.do/
8175235 , http://vj.telemayak.net/kzlyda1.html
8175232 , https://wemandgidg.top/
8175230 , https://0016355418901.blob.core.windows.net/webs/index.html
8175224 , https://e81dc01b67c2c0d9c.netwwwpl.pl/v/mmq5yzmzmtuxn/login/?
8175221 , http://shopeeboom.com
8175220 , https://taxirsgov.sytes.net/id/idme/
8175219 , https://mintlayer.network/
8175216 , https://lybrafinance.net/
8175215 , https://teleperformance-laa.com/
8175213 , https://irs-tax.credlt.info/file/
8175212 , https://workfoxbit.net/
8175211 , https://www178.foxbityes.top/
8175210 , https://tst.foxbityes.top/
8175209 , https://nehd68.foxbityes.top/
8175208 , https://seo01.foxbityes.top/
8175207 , https://foxbit.foxbityes.top/
8175206 , https://foxbityes.top/
8175205 , https://16888.foxbityes.top/
8175204 , https://www188.foxbityes.top/
8175203 , https://ag01.foxbityes.top/
8175207 , https://foxbit.foxbityes.top/
8175206 , https://foxbityes.top/
8175205 , https://16888.foxbityes.top/
8175204 , https://www188.foxbityes.top/
8175203 , https://ag01.foxbityes.top/
8175202 , https://okx1.foxbityes.top/
8175201 , https://fux1.foxbityes.top/
8175200 , https://www.foxbityes.top/
8175199 , https://www.foxbityes.top/link/logout.php
8175198 , http://trade.foxbityes.top/logout
8175197 , https://mxp.foxbityes.top/
8175195 , https://mytax.credlt.info/file/index.html
8175192 , https://totalautopeecas.com/
8175184 , https://edhdhddhseeeeell-1417647.mybigcommerce.com/sd/
8175183 , http://edhdhddhseeeeell-1417647.mybigcommerce.com/sd/
8175181 , https://foxbitwork.top/
8175179 , https://terramoney.xyz/
8175167 , https://wemandgidg.com/
8175164 , https://swodxaevents.org/wp-includes/customize/index/tracking_account/_manager/_package/-/Post_SWISS/
8175155 , https://link.elician.ru/
8175150 , https://sintradistritales.org/PostFinance-furprivat/ch/bell.php?ae279b368dd55d6fb866e6304919cf90
8175149 , https://revoke-cash.pages.dev/
8175146 , https://t.co/W7ZbaEMULi
8175145 , https://lichcatdien.com/
8175144 , https://lichcupdien.org/
8175139 , https://dbsbanksg.live/
8175133 , https://ttransnet.xyz/
8175132 , http://ttransnet.xyz/
8175115 , https://kaveriautomotiveexports.com/ADN
8175113 , https://rsc.rs/dsc.html
8175110 , https://chronoposts-team.adalo.com/chronopost?_gl=1%2A19yswzz%2A_ga%2ANzU4OTY5NzI1LjE2ODU5Mjg4NDU.%2A_ga_SWT45DV35L%2AMTY4NTkyODg3Ny4xLjEuMTY4NTkyOTUyMS4zMS4wLjA.&target=998942e43ce445e7a8ed43cc51862f42Â¶ms=%7B%7D
8175106 , https://danielcacereslopez.com/MmYzYzd1NmY3QzJFNVQ=
8175104 , https://brassmusicstore.com
8175103 , https://ayambangkokpati.com
8175093 , https://robertbarnesdesign.com
8175055 , https://arkdiasoft.com
8175054 , https://taurus-capital.com/512191110048447629174
8175053 , https://sintradistritales.org/PostFinance-furprivatkunden/
8175046 , http://email.apparel.printingsolutions.com/c/eJxMyjtyxCAMANDT4G49QnxVuEjjIreQQcQkBDxe9v6ZzKRI8bqXN5-sTrTIpn30zhBFWM6NwTg-jPYOPJjDUqAESCKusGV3LHVDQANeIxhNJq7eCTqDmXMglyQoC3xdfEtbr7v2WfvHc7TXrKM_1zS-l7adc15PZd4U7gr3Lumr1S7zvIXzb1G4wz-ekHL0oXC02miPZEuxloOOeMRsFO7vD40PrXBnH6VwkEw-SgxHIgJhyQESugJO4f7qta3pXO6t8FGld1k_X33kMvocrVWZysJf-gkAAP__KVdXFA
8175045 , http://email.mg.optimumsleepsolutions.com/c/eJxMyrFurTAMgOGnCdtFtkOcMDDcJUPfwrFDSRvg6MDp81eVOnT4l1-fLUKAxENdkBMHTwl42BYAX3haSU0ENJmtUdRKwjJFQp2GthCQB0YCxDnEsQrPqCuEImIYvJtgfx_Px9321371Wh_X2V93O49r1HMf-rLd9-Ny_r-j7CgfVT97O-q9PavYD3GU4U-iM8xrUq_JazFgi-YjFLKYSkjRUX77h-QoK0CtwhJgDkEleEZDiZXZc0jiHeXX0fqo2_BcTI5Wu4xf8uEm-P3fAQAA___k31HE
8175093 , https://robertbarnesdesign.com
8175055 , https://arkdiasoft.com
8175054 , https://taurus-capital.com/512191110048447629174
8175053 , https://sintradistritales.org/PostFinance-furprivatkunden/
8175046 , http://email.apparel.printingsolutions.com/c/eJxMyjtyxCAMANDT4G49QnxVuEjjIreQQcQkBDxe9v6ZzKRI8bqXN5-sTrTIpn30zhBFWM6NwTg-jPYOPJjDUqAESCKusGV3LHVDQANeIxhNJq7eCTqDmXMglyQoC3xdfEtbr7v2WfvHc7TXrKM_1zS-l7adc15PZd4U7gr3Lumr1S7zvIXzb1G4wz-ekHL0oXC02miPZEuxloOOeMRsFO7vD40PrXBnH6VwkEw-SgxHIgJhyQESugJO4f7qta3pXO6t8FGld1k_X33kMvocrVWZysJf-gkAAP__KVdXFA
8175045 , http://email.mg.optimumsleepsolutions.com/c/eJxMyrFurTAMgOGnCdtFtkOcMDDcJUPfwrFDSRvg6MDp81eVOnT4l1-fLUKAxENdkBMHTwl42BYAX3haSU0ENJmtUdRKwjJFQp2GthCQB0YCxDnEsQrPqCuEImIYvJtgfx_Px9321371Wh_X2V93O49r1HMf-rLd9-Ny_r-j7CgfVT97O-q9PavYD3GU4U-iM8xrUq_JazFgi-YjFLKYSkjRUX77h-QoK0CtwhJgDkEleEZDiZXZc0jiHeXX0fqo2_BcTI5Wu4xf8uEm-P3fAQAA___k31HE
8175044 , https://shopsidize.com/bil
8175043 , https://www.aftermatric.com/transnet-jobs-apply/
8175042 , http://email.mg.mccimedical.com/c/eJxMi7FOwzAQQL_G2YjuzvblPHioVCIxABIj29U-E5ckoFL4flSJgeEtT-_VXBE51MEysnAIIYkMSwYG04S-mBaOJGonLKyGviV_mtrQMwF5YESAyMSjeWwGIhQFUg3NBdjexq2UvlntRdexfGzDmpfr9fPL-YOj2dG8W3lf-27X5WJab4mjGf7BiVIVnppKQI9MKbQWgk4odJLqHc1nxLuXw9Px-fHh9f7oaC4AZsoaIcVYNHrGijoZs-coenu-976OZRkuuerebdXxR88uwJ__DQAA__8jhk7k
8175041 , http://email.mg.mccimedical.com/c/eJxMyrFO5DAQANCvcbqLZsaT8bhIsdJepCsOJEo6xx6TLImDluz_IyQKite9MhZE4dLZiKLCzAFCt4xlNggiMsiQZo3swZKCV8UKfhbq1pGAPAgiwIAsvUGK4IeQlSmiJcewv_V7zutuZc1p6_Oxd9u4nOfHp_MXR5OjqVl-39Zm53K3VL6Lowl-kUixqISalNGjUORamVNApVmLdzTdEP-8XJ6uz___vf69OpqSqNUUrERR0zDnGMGSlQCZhgqDo-nR1q3PS3cfa5pXa83626MdpR7tPLZttdMx_KSvAAAA__9xWFQh
8175038 , http://www.sumukhaneer30.com/product-page/classical-diya-candle-pack-of-6/
8175037 , https://www.bing.com/ck/a?!&&p=4bfa1be0bd5a4d94JmltdHM9MTY4NjA5NjAwMCZpZ3VpZD0xNGQyOGJiMS0wNDI5LTYzZTEtMTQ1Yy05ODk3MDU5YTYyZWUmaW5zaWQ9NTE2Ng&ptn=3&hsh=3&fclid=14d28bb1-0429-63e1-145c-9897059a62ee&u=a1aHR0cHM6Ly93d3cuc3VtdWtoYW5lZXIzMC5jb20vcHJvZHVjdC1wYWdlL2NsYXNzaWNhbC1kaXlhLWNhbmRsZS1wYWNrLW9mLTY#Y2hhcmxlcy1hbGJlcnQucmV5QHVuaWwuY2g=
8175036 , https://1A0QN.trk.elasticemail.com/tracking/unsubscribe?d=dEHMjzilpSRMHZnwGU4dZxN2Lk7wF0U7uGtTOzecj8G5Z_mTPxeFDOIV9UnsBNvq9d5F5TP03P0T-F9JyMH7cXLhOHKoo1rJND9aKMOcmpwK0
8175035 , https://1A0QN.trk.elasticemail.com/tracking/unsubscribe?d=ctFpAq8DzRHoMPsgCT9iGwZIE9z8A59qDoGhE7ThaP_f2UFKaGZZxeQ3wa6Z5YULBIiADK7Lppi5GS1vguZZXeRFJO4a3gVhB2SHZdF1u4lW0
8175030 , https://cutt.ly/FweQZBm8
8175028 , https://amr48.app.goo.gl/?link=https%3A%2F%2Fconcretemkting%2ecom%2Ff%2F9530376122
8175021 , https://finanseprzyszlosci.sbs/finnews/pge/
8175020 , https://moey.conta-pt.com/1.php
8175019 , https://moey.conta-pt.com
8175018 , https://www.galagames-job69.com
8174951 , https://faewrqw.isasecret.com
8174950 , https://fsgyertty.x24hr.com
8174949 , https://fwgdsfv.otzo.com
8174948 , https://gfst.yourtrap.com
8174947 , https://oiuyut.toythieves.com
8174944 , https://telepaiements-gouv-amendes.fr/
8174940 , https://newmyetherwallet.com/
8174937 , https://mizuhocs.net/
8174926 , https://w3s.link/ipfs/QmaMm4w7ufvv4XEZ2xNbidJww2cFVcuM9gVKf2J2hLjXWp#usr%40dom.tld
8174925 , https://shorturl.at/lovVZ
8174924 , https://www.survenuswisscom.site/CH-post8952/
8174923 , https://c2dcz637.caspio.com/dp/bf6ac0007d8bfdda2c6b4c69815e
8174911 , https://wizz.emmephotosport.it/arubait/
8174910 , https://suncoastcreditunionq.top
8174906 , http://agodatask.top
8174905 , https://romana-valentova.systeme.io/
8174901 , https://www.unimaccompany.com/wp-create.php?page=J8BDCS
8174682 , https://t.salesmatemail.net/email/v1/track?key=fdb55a05-6282-41ce-91d3-7891c554c95c
8174681 , https://takealot.online/
8174680 , http://takealot.online/
8174677 , https://www.knowledgepaws.com/b/
8174676 , https://customer.activecz24.com/8478-1
8174673 , https://wirliefernindieschweiz.com/login/dpdch/
8174666 , https://www.dhl-international.home4ktv.life/
8174665 , http://tiny-garnet-credit.glitch.me/jonze.html
8174664 , http://inexpensive-elated-saxophone.glitch.me/woven.html
8174659 , https://sbbschweiz912393.site/
8174658 , https://nikolachlebovskd.site/SBB-CFF-FFS.html
8174657 , https://christenermartin5.systeme.io/
8174656 , https://mattwraps.com/ss
8174654 , https://khatampanjereh.com/wp-includes/css/knab.php
8174653 , https://t.co/wR8M72B3Gu
8174652 , http://www.backscatterer.org/?ip=194.25.134.83]
8174651 , https://javidmoghaddam.com/
8174649 , https://arabica-robusta.shop/payment/bank//countries/switz/banks/Raiffeisen%20Schweiz%20Genossenschaft/
8174646 , https://pxncqrpcrhjtqzwg.atftjyrj.nl/index.html?
8174642 , https://top-airdrops.top/arbitrum/?re
8174634 , https://freetokens.top/bsw/?ref=4444
8174629 , https://ekicomjp.jxqcgzf.com/
8174628 , https://jemi.so/optus-1
8174628 , https://jemi.so/optus-1
8174627 , https://urlz.fr/mh3H
8174624 , https://ripple23.info/
8174623 , https://juanmiguelisimo.com/
8174619 , https://aeon-tech.net/login
8174618 , http://146.190.74.75
8174617 , http://dramatic-jealous-season.glitch.me/linux.html
8174613 , https://www.traveloagency.com/united-airline-ticket?gad=1&gclid=EAIaIQobChMItKj4nte8_wIVczjUAR3cBA-DEAAYASAAEgKb-fD_BwE
8174612 , http://pineapple-dazzling-makemake.glitch.me/straf.html
8174610 , http://reinvented-scalloped-mule.glitch.me/kreel.html
8174609 , https://poltender.za.com/landers/moy_united_6_vse/index.html?uclick=h9a26j46&uclickhash=h9a26j46-h9a26j46-twdz-pmci-fnj6-8wdv-8wmy-94b8c1
8174608 , http://triangular-bold-tip.glitch.me/chase.html
8174605 , https://immutable-imx.com/
8174516 , https://shibesociety.fun/?twclid=250gqrgkr6bm9kna40el46yr5v
8174428 , https://www.chalnlink.eu
8174362 , https://pepeclaimapp.com/?twclid=2-hv09dnz100dlycy3gymwrx0w
8174254 , https://rdxhealthcare.com/t.php?email=soporte@arsys.es&serv=imap.arsys.es
8174200 , http://www.cvc10.bakz51.my.id/
8174189 , https://yusasstore.com/
8174170 , https://xn--nhanquafrefire-e08g.vn/
8173809 , https://best-airdrop.top/bsw/?prt=192374
8173807 , https://finaledrop.com/
8173804 , https://meme-coin.net/
8173803 , http://143.244.159.45/sites/
8173801 , https://trust-repad.top/hex/?ref505
8173800 , https://babydogecoin.top/
8173793 , https://best-airdrops.top/safemoon/?r
8173776 , https://raffle-gives.com/
8173692 , https://psyop.world/
8173691 , https://arz-samp.ru/
8173690 , https://megaunificados.com/mega/order/fa233d6a-fc25-42d7-b343-2f589697bbfa
8173689 , https://megaunificados.com/mega/product/15972
8173688 , https://megaunificados.com/mega/product/15449
8173687 , http://us-central1-black-octagon-376806.cloudfunctions.net/ntst
8173686 , https://bradesco-vemserprivate.com/acessorestrito/home.php?hash=5713572664863e02c6c7d4.33466945
8173685 , https://olx-pt.ee-secure.shop/get/18LF37FJ12M28/
8173684 , https://pontosresgateseg.com/cadastramento/home.php?hash=858186517648646e22511e6.14777133
8173683 , https://sha-krrdbo6imq-uc.a.run.app
8173682 , https://powersurge.space
8173668 , https://dhl-0439.id-apple.org/tracking/
8173611 , http://parabens.site/5TDnpg739mrKF46tzflijppox2SSCNUZEUDHYCJBS1550725/135344p11
8173383 , https://1inchnetwork-app.com/
8173379 , https://laughingsquid.com/
8173378 , https://qrco.de/be2hjr
8173376 , https://yellowcord.mom/
8173150 , https://docs.google.com/drawings/d/1N0pG6Kiymzpo-ebBY-MHkuTMpiTbPYgem04iugVIboo/preview
8173149 , https://lovezonebd.com/secapps/ZltkDkP
8173140 , https://bitfiyerp.top/
8173112 , https://uenups.com/index.php/index/Login/index.html
8173102 , http://swaprumfinance.com/____/
8173101 , https://id-me-verification.me.com.do/?Verify_ID=Nx9D-2B77321DQ
8173099 , https://wertytu.blob.core.windows.net/seteryhw/weter4.html
8173098 , https://bit.ly/43UWyek#c22546fYRWW1968553Sndy307738Icr145191NMcS184
8173088 , https://dewsdsf.jetos.com
8173082 , https://www.zurich.co.jp.kazking.com/
8173077 , https://mmorpg.website/
8173066 , https://get-link.site
8173065 , http://steancommulty.com/
8173058 , http://155.138.155.134/Coinbase-Support01001001/index.html
8173057 , https://mufgcardm.com/newsplus.html
8173057 , https://mufgcardm.com/newsplus.html
8173056 , https://mufgcardm.com/
8173049 , https://suportebanpara.app/home/?verify=L7NUXXRGL7NU-O5YV-L7NUO5YVO5YV-ADR5O5YV&sessionUser=1sf9oq519tepmld1r9vqg4k6ai&mta=c4ca4238a0b923820dcc509a6f75849b
8173048 , https://suportebanpara.app/inicio.php
8173045 , https://dmarlket.fi
8173034 , https://cs-bot.com/
8173033 , https://zatca.gov.sa/ar/Pages/default.aspx
8173032 , https://vesintserv.com/home/www.Zatca_gov.sa/clients/xIePEs.php?verification
8173031 , https://moon-software.com/
8173029 , https://zkbridge.naturesbestgreenculture.org/
8173028 , https://zkbridge.optimalair.co.za
8173027 , https://mobily.homemobilyelife.com/
8173025 , https://www.manager-ads-meta.com/
8173020 , https://script.google.com/macros/s/AKfycbwAQtzCJi6GmLj5x0eKvQwSABxVjKTc3pHisJyhvKZMOBao9zTlxIpNes-oHd22yaOK/exec
8173014 , https://www.zurich.co.jp.cookerrs.com/
8173004 , https://www.zurich.co.jp.cookerrs.com?id=
8172980 , https://www.lsxlv.su/
8172979 , https://o.eozxtwtd.ru/d68g9er/dfg26erq.html
8172954 , https://tajhizcontrol.com/wp-includes/css/knab.php
8172953 , https://t.co/6h6RcOmt3E
8172980 , https://www.lsxlv.su/
8172979 , https://o.eozxtwtd.ru/d68g9er/dfg26erq.html
8172954 , https://tajhizcontrol.com/wp-includes/css/knab.php
8172953 , https://t.co/6h6RcOmt3E
8172499 , https://koukos-estate.com/
8172495 , https://brookhavenrun.com/
8172490 , https://mitchellbartoy.com/
8172486 , https://tengger-mandiri.com/
8172390 , https://script.google.com/macros/s/AKfycbxSTOV0M1VuGkNeKg8X53f_fUJw3_xAPO69o6YoyJeZEp-zieeZpziEPmiYHlcTWhsq/exec
8172374 , https://mes.bittiyabazaar.com/0ibVWS6
8172371 , https://script.google.com/macros/s/AKfycbyY2AWEyylhwHkKPTg0UdoeuJuhGbsZRR3fLeDvbXwpc7jyPB9mrTksPX0U2uZrnFZU/exec
8172369 , https://t.co/YFgGq0HStH
8172361 , https://chlvowaiiet.app/VALIDAR
8172339 , https://vx4.autos./srt/?mam7-pl
8172163 , http://185.176.221.160/rd/u11438ZeIBR51343CmNN1572SwI2968swYW622
8172162 , http://185.176.221.160/rd/u11431HzZtv51343Pflf1572DWm2968bKaW609
8172142 , https://revoke.cash/
8172121 , https://skinport.perutecnomin.com/store/
8172120 , https://pamelaandersononline.com
8172104 , https://suidrop.tech/
8172101 , https://pepeair.com/#/dashboard
8171984 , https://your500s.top/pancakeswap/?prt
8171903 , https://t.co/tTMKOFF5ko
8171902 , http://www.usenix.org.uk/rbl%5d
8171901 , http://s5h.net/rbl]
8171684 , https://ja2r7.app.goo.gl/4Z74RQJMgFJ7ExEe9
8171682 , https://patentsmartz.com/
8171681 , https://ofertas-do-dia-123.com/ag2/?page=home&a=3BD93029AE85A1A3966B7278125AF29F2C64B896SECURE8D00C8EB6C96ACE539829F1B7A39D11523502347ACCESS&b=77DA39A5B9A168596996FC2AE8A439DAE5B56EEFSECURE3B3B7C241060750C2E483204D403701E40797166ACCESS&c=88B053062137D037B458B5A3231E87D01D9EB41ASECURE63D8C506FE943575AAF01E30F0ADB2E868127F80ACCESS
8171680 , https://testesiteoficial.online/
8171675 , https://masktester.ru/
8171667 , https://psyop.gives/
8171666 , https://moonbasepass.com/
8171651 , https://kb-umzuege.com/home.html
8171650 , https://kb-umzuege.com
8171649 , https://cancen.fr/wp-includes/wis/wiso/
8171648 , http://click.meetwo.de/f/a/svvins33nibuzb84k5r5wq~~/aaaykaa~/rgrmy0hcp0qvahr0chm6ly9yenb5lmrvbxbvemuucgwvugxubi9plmoucglldhj6ywtab3mucgxxbxnwy2v1qgpkfkiogmqukum-uhjplmoucglldhj6ywtab3mucgxybaaaaaa~
8171642 , https://numodulo.com/cliente.php
8171636 , https://aetriodesigns.com
8171632 , https://airdropi.top/xen/?prt=0403404
8171629 , https://coinpadio.com/tenset/?prt=0xc
8171629 , https://coinpadio.com/tenset/?prt=0xc
8171625 , http://www.oozjqr8vhr.digital
8171623 , https://hftoken.fun/
8171620 , https://colnmarketcup.com/
8171618 , https://colnmarketcup.com//wallet/?id=metamask
8171611 , https://stake-axieinfiinity.com/
8171608 , https://zeroliquid.org/
8171607 , https://ocoingecko.com/
8171604 , https://miningsite.bond/
8171603 , https://stake-axxieinfinity.com/
8171599 , https://mercado-pago-segur.comercial.ws
8171592 , https://aavereward.app/
8171591 , https://www.uydfet.shop/
8171589 , https://www.wuuhvsl.shop/
8171581 , https://bitfly-jp.com/
8171576 , https://stake-axieeinfinity.com/
8171571 , https://richestpads.com/
8171554 , http://79.98.110.134/shorten/
8170905 , https://myab-shaw.com/
8170892 , https://nellysgiveback.com/
8170892 , https://nellysgiveback.com/
8170891 , https://to-shaw.com/
8170888 , https://semanadoconsumidor-com.online/produto/mobi.php?produto=7287979462
8170887 , https://amepagamentosonline.shop/produto/mobi.php?produto=3611876925
8170886 , https://mysjrbcable.com/
8170884 , https://web3bridge.sueswop.cloud/
8170882 , https://colngeccko.com/
8170858 , https://banestesseguro.com.br
8170857 , https://banestesdigital.chat
8170834 , https://s.xcc.tw/s/vwAq7I7vcJb
8170832 , https://www.declaracionjurada2023.com/
8170831 , https://nib.baneseclientelogin.com/wps
8170830 , https://faq.yoroiwallet.com/faq/faq-index
8170829 , https://faq.yoroiwallet.com/faq/
8170823 , https://yoroi-wellet.com/#/
8170818 , https://sui-drop.org
8170802 , https://loupikia.online/ago/4653ecommarctoscooler.html
8170799 , https://promo-anketa2023.online/login.php
8170797 , http://galaxyrobux.space/
8170785 , https://anketa-promo2023otp.online/login.php
8170799 , https://promo-anketa2023.online/login.php
8170797 , http://galaxyrobux.space/
8170785 , https://anketa-promo2023otp.online/login.php
8170784 , https://coinsgem.io/
8170775 , https://sushoswap.com/
8170774 , https://spookyswaap.us/#
8170767 , https://sushiswap.network/
8170766 , https://xn--sushiswp-5ya.com/
8170734 , https://liquidame.online/404/not-foud
8170728 , https://angbotholen-geldbekom.xyz/s/anmeldung.php
8170726 , https://www.iniciopersoonas.com
8170725 , https://iniciopersoonas.com
8170693 , https://hiperonline2023.myshopify.com/
8170692 , https://vendas-distribuidora.myshopify.com/
8170666 , https://looksraffle.com/
8170658 , http://zedeliverystore.com/
8170593 , https://moondao.io/
8170592 , https://www.whitebit.work
8170591 , http://238.179.169.192.host.secureserver.net/homee/?hash=jailson-b-guedes@hotmail.com
8170575 , http://www.wvnky.esytsf.com/
8170728 , https://angbotholen-geldbekom.xyz/s/anmeldung.php
8170726 , https://www.iniciopersoonas.com
8170725 , https://iniciopersoonas.com
8170693 , https://hiperonline2023.myshopify.com/
8170692 , https://vendas-distribuidora.myshopify.com/
8170666 , https://looksraffle.com/
8170658 , http://zedeliverystore.com/
8170593 , https://moondao.io/
8170592 , https://www.whitebit.work
8170591 , http://238.179.169.192.host.secureserver.net/homee/?hash=jailson-b-guedes@hotmail.com
8170575 , http://www.wvnky.esytsf.com/
8170566 , https://www.carmelot-exchange.com
8170557 , https://zappsy.pl
8170556 , https://ing.eswebparticulareslocalidad.com/
8170553 , https://O8.driven-craft.com/barostat/3HTqoAVQDHLr7VTMsQIWQPizl5VlyXmj-07mjCziRKynTNPhSNybEsO9rQDzy3VREYHY17ePWVMn4jfGUfXzNCrJ2m4IHWUXPllcOHResTkukiyOAXQuq0UcOoW40KYijfenQXtPWL9j087S1c1u6qfkcJ56ZLY8NCRmgcDBTTtGfw2XaZ0yQ3G
8170552 , https://www.plataformadecertificacioncgr.at/
8170550 , https://dappofficeretify.online/
8170548 , https://www.mergedaoprotocol.live/
8170544 , https://rb.gy/mat2f
8170533 , https://www.skinpont-com.buzz
8170526 , https://coonprogresog.site
8170525 , https://coonprogresog.site/#/home
8170522 , https://cosprogrose.netlify.app
8170521 , https://verifywalletnow.online/
8170511 , https://pulsewebapp.online/
8170507 , https://www.charbroilgrill.net/deals/charbroil-grills-205641.html
8170506 , https://appresgatsatss.com/loginjsf.php?48930=0a1f5fac72a18c1cf516e7c99cfe4173&48930
8170499 , https://petchicletepetshop.com.br/DUA
8170498 , https://escritoriosuporte.com/
8170406 , https://fodufea3.com/best-clothes-steamers-of-2023/?utm_campaign=k8fg68oatc&utm_medium=group&utm_content=placement&utm_term=keyword
8170401 , http://claim-finale.xyz
8170402 , https://claim-finale.xyz/
8170388 , https://fileairdrop.net/
8170384 , http://sp190547.sitewiz.co.nz/
8170364 , https://jobblockfox.top/
8170363 , https://workfoxbit.top/
8170362 , https://foxbitjobs.top/
8170361 , https://coinfoxbit.top/
8170360 , https://foxblockjob.top/
8170359 , https://jobbitfox.top/
8170384 , http://sp190547.sitewiz.co.nz/
8170364 , https://jobblockfox.top/
8170363 , https://workfoxbit.top/
8170362 , https://foxbitjobs.top/
8170361 , https://coinfoxbit.top/
8170360 , https://foxblockjob.top/
8170359 , https://jobbitfox.top/
8170358 , https://blockchainfox.top/
8170356 , https://credif0z-co0p-br.com/pt=343493489sAKJAKDKDKD/
8170355 , https://www.ml-bgan.com/#/pages/login/registry?authinvitation_code=xKfqJ8dBU3
8170351 , https://menupropepsi.com/
8170347 , https://storage.googleapis.com/ttuddigcxc/chomoting.html#dqbykp1b4p.HpQVqTEYfxXshCDPXw?FCEGV1$NMMnn08081$N$S669n$QK5X1$nP$q6L$n7$sdpN4$kRkt$NmMn0X
8170346 , https://storage.googleapis.com/ttuddigcxc/chomoting.html#62t7iedr5t.vBUBcebTURShZFccPMTl?fCegV1$NMmnn08081$n$s669J$QL4v6$Np$Q6l$n7$SDV44$kRKt$NmmN0x
8170345 , https://storage.googleapis.com/cezayin/miliano.html#6QFzHB3PeSrfsiMARUPoy.eNkQmsBwD3qQ?gAAAAABkgvl_nWTm-4FTWPK3uVY_9VeX_UxueJqn5m7GIzndAWZsJgIIZPTApsI8A-hqftCbRXjiKoCpJ-jXrfegqXcX8VejNYyfsD6bvhsw3v8tB_kgXrVzWLS1x2VAXv9keRfxBAzBaec3FLsUtBv7xwABJVmn4Q==
8170344 , https://storage.googleapis.com/ttuddigcxc/chomoting.html#z231g26q.ZEtBJY?fcEgV1$nMMnN08081$N$S669t$qK247$NP$NGp$n7$TMt3r$kRKT$nMmN0x
8170343 , https://storage.googleapis.com/adeptdagger/adeptdagger.html#TGzP.QHMidzHqKIkGRFoJLYxqujv?f1TDQwcc2km9cyyfQcdcFCdnc7C1Dd1HZcbbb4s
8170341 , https://moey.top/
8170340 , https://www.saba-habitat.fr/
8170336 , https://latampoints.com/
8170335 , https://lojaahavan.online/
8170334 , http://www.lojaahavan.online
8170305 , https://txtrfdgvmnt09.com/form
8170304 , http://20.186.90.246/904534772199/EMKT_CURSO_MAU/5567934GFHFG/021DF21G/?cliente=x
8170303 , https://txtrfdgvmnt09.com/
8170296 , http://pontosresgateseg.com/cadastramento/
8170295 , https://pontosresgateseg.com/cadastramento/
8170293 , http://us-central1-black-octagon-376806.cloudfunctions.net/ntst/
8170292 , https://us-central1-black-octagon-376806.cloudfunctions.net/ntst/
8170291 , https://us-central1-black-octagon-376806.cloudfunctions.net/ntst
8170288 , https://axvvm.pomyler.top
8170286 , https://enterzip.me
8170284 , https://ofertashvn.online/
8170233 , https://morocco-damac-lagoons.com
8170197 , https://jjcont.com.br/leads/gives/sf_rand_string_lowercase6////YWNjb3VudHNAY2VudHJpY2EuY29t
8170185 , https://pulsechain.cfd
8170183 , https://walletuniverso-pt.servebeer.com/mbrFAB1UbnYO4cdqKCAO8bxAWiXLKSdrEzN0fS7sYmzFFt5lDk3ua2v4q9LTe/login.php
8170181 , https://walletuniverso-pt.servebeer.com/universo/login.php
8170180 , https://superkeess.com/univ
8170179 , https://triforme.com.au/common/icqgy.js
8170177 , https://upscalecapital.com/
8170119 , https://harmony-bridge.krystle.co.za
8170118 , https://vivrepsicologia.com/
8170117 , https://bridge.harmony.one
8170109 , https://huynh.kumosa.pl/jagoda/
8170108 , https://bean.berplast.pl/violatarnicka/
8170107 , https://foster.rafalspychala.pl/abcakwarysty/
8170105 , https://coleman.kumosa.pl/jagoda/
8170104 , https://wiley.scholmax.pl/dworak/
8170103 , https://jennifer.rybczyk.com.pl/przemyslaw/
8170101 , https://nedm.page.link/jdF1
8170099 , https://www.h8yggre.com/login.php
8170090 , https://contactunitedairlinesres.amebaownd.com/
8169381 , http://103.122.164.214/shorten/
8169363 , https://t.co/2cqcjxMRPR
8169289 , https://nab-livechat.web.app/
8169288 , https://a3dcbc9b-f67b20ca.dio-int.com/adfs/ls/?login_hint=asdsad%40genetec.com&client-request-id=e1b24784-40f3-4339-bdfd-abf92ffa34a3&username=asdsad%40genetec.com&wa=wsignin1.0&wtrealm=urn%3Afederation%3AMicrosoftOnline&wctx=estsredirect%3D2%26estsrequest%3DrQQIARAA42Kw0skoKSkottLXL8gvKknM0cvNTC7KL85PK8nPy8nMS9VLzs_Vyy9Kz0wBsYqEuARa3Dc9_Oxg6bz37-qf-r9MFq9iVCZshP4FRsYXjIyTmISTk1KTs1OLHNJT81JLUpNBkreYBP2L0j1TwovdUlNSixJLMvPzHjFjU3mBReAVC48BsxUHB5cAgwSDAsMPFsZFrEBXxXodkFl744Dn9rgCZq35OxhOseqbm-tbhldmZfjluab6luYG5RpllHhUaqe4OaYHZlYG-IY4m_ukmbqlheQ52hpYGU5gE5rAxnSKjeEDG2MHO8MsdoYDnIwHeBl-8N24_ef2vK5bbz1e8esYh3ilu_sbl2YHJaY4RZWmZRSFBGS7WRomliT6hUWZF4d5-Ou7Rha5FoZH2gIA0&pullStatus=0
8169227 , http://5.252.177.51/shorten/
8169223 , https://www.zalkkweet.com/BDMK4RD2/7N8NS1K/?uid=33&sub1=LQZ5O6HOGA7RGX5QI4RLESDH654ZCS6BZED5L4B4VPAXGQ5B2U%3D%3D%3D%3D%3D%3D&sub2=648243938c374778ab997293
8169222 , http://www.meetstric.com/xtQl7pbKY1zLthP55LkuLmPVltpqtQsqqdM5BrjBoitNzN5GmKyGSSTWmJb1WulYA0F9CK30Vxwy0b8UHcbhqA==
8169206 , https://app.zerion.com.co/
8169204 , https://servicioseguroscolombiaseguraportales361.lyraintegrators.ro/MUA/CO666?ids=2h33j71pn4d0ggbarag6l&data=2h33j71pntsj4d0ggbarag6l
8169203 , http://servicioseguroscolombiaseguraportales361.lyraintegrators.ro/MUA/CO666?ids=2h33j71pn4d0ggbarag6l&data=2h33j71pntsj4d0ggbarag6l
8169202 , https://www.hopper-journeys.com/
8169193 , https://www.hopper-tours.com/
8169191 , https://pievercore.com/
8169186 , https://serviciofacturacion.is-leet.com/
8169160 , https://www.promipinturas.com
8169156 , http://85.239.62.77/shorten/
8169144 , https://www.tinyurl.pk/Emu
8169143 , https://umbrellacorporation.id
8169142 , https://avaxewni.live/umbrella.php
8169134 , "https://t.events.caixabank.com/r/?id=h61ed8ecf,6dc240c3,f72d239&p1=k6xdtd.codesandbox.io?aq=jmajithi@yorku.ca"
8169132 , http://www.cognosante.info/
8169131 , http://cognosante.info/
8169129 , https://quickid.io
8169120 , https://freedropscorps.com/
8169114 , http://web3-rpc-fix.online
8169108 , https://clippycaptcha.online/
8169087 , https://gahar-co.com/kongg.html
8169074 , https://pepe-distribution.com/
8169061 , http://beneficialstateonline.com/
8169058 , https://madisonkitchenandbaths.com/
8169057 , https://www.kitchenaid.eu/
8169048 , https://profitbluetoken.com/
8169046 , https://www.nooxnft.org/
8169022 , https://efrwqrf.dumb.com/
8169017 , https://coins-refund.top/tenset/?prt
8169015 , http://mint.root.credit/
8169016 , https://mint.root.credit/
8169011 , https://asd.my-downloader.com/ZWMwMDBhMDdhNTAwMmZhYzAwMDAyZmJhMDAyZmJhMDAyZmJhNjViZjI3NmQzMg==/?name=Downloader
8169010 , https://tr-cost.com/r?zid=3383&uid=178&c_from=https://anonfiles.com&pubid=737329&psubid=4058911642101093103&s1=&s2=&s3=&s4=&s5=&c_inif=n&c_key=8%7C4%7C24%7C24%7C2.6%7C5%7C412%7C892%7C21%7C18%7C5%7C5%7CAsia%2FKarachi%7Cen-GB%7CLinux%20aarch64%7CARM%7CMali-G72%7C-1%7C16%7C4096%7C16%7C31%7C1%7C4095.9375%7C1%7C1024%7C4096%7C16%7C8192%7C4096%7C4096%7C96%7C1%7C0%7C16383%7C128%7C123%7C16383%7C36%7C124%7C7%7C4%7C4%7C4%7C4096%7C256%7C256%7C216%7C65536%7C215%7C606207%7C606208%7C64%7C4%7C4&c_r=bb&c_round=1
8169009 , https://philand.xyz/
8168971 , https://cadastrar.app/mobile
8168970 , http://cadastrar.app/mobile
8168965 , https://ff3hmxu5im.snvctni.com/obwGlZPkKBHBEY1Li/index.html
8168963 , http://cecwater.com
8168962 , https://selamaj1218ed.page.link/jdF1
8168949 , https://booking.nweb.shop/buy/98ED18IX16D81/
8168948 , https://vinted-es.nweb.shop/get/31AM28CG06R06/
8168946 , https://jchuyun.top/collections/aviator-series/products/aviator-black-stealth-polarized?fbclid=IwAR2eQ4Y4vNDEAPHdFXasEbzGf58gUNh1f-mNi8--wkl9-JbMpBOAtQdmwRc
8169017 , https://coins-refund.top/tenset/?prt
8169015 , http://mint.root.credit/
8169016 , https://mint.root.credit/
8169011 , https://asd.my-downloader.com/ZWMwMDBhMDdhNTAwMmZhYzAwMDAyZmJhMDAyZmJhMDAyZmJhNjViZjI3NmQzMg==/?name=Downloader
8169010 , https://tr-cost.com/r?zid=3383&uid=178&c_from=https://anonfiles.com&pubid=737329&psubid=4058911642101093103&s1=&s2=&s3=&s4=&s5=&c_inif=n&c_key=8%7C4%7C24%7C24%7C2.6%7C5%7C412%7C892%7C21%7C18%7C5%7C5%7CAsia%2FKarachi%7Cen-GB%7CLinux%20aarch64%7CARM%7CMali-G72%7C-1%7C16%7C4096%7C16%7C31%7C1%7C4095.9375%7C1%7C1024%7C4096%7C16%7C8192%7C4096%7C4096%7C96%7C1%7C0%7C16383%7C128%7C123%7C16383%7C36%7C124%7C7%7C4%7C4%7C4%7C4096%7C256%7C256%7C216%7C65536%7C215%7C606207%7C606208%7C64%7C4%7C4&c_r=bb&c_round=1
8169009 , https://philand.xyz/
8168971 , https://cadastrar.app/mobile
8168970 , http://cadastrar.app/mobile
8168965 , https://ff3hmxu5im.snvctni.com/obwGlZPkKBHBEY1Li/index.html
8168963 , http://cecwater.com
8168962 , https://selamaj1218ed.page.link/jdF1
8168949 , https://booking.nweb.shop/buy/98ED18IX16D81/
8168948 , https://vinted-es.nweb.shop/get/31AM28CG06R06/
8168946 , https://jchuyun.top/collections/aviator-series/products/aviator-black-stealth-polarized?fbclid=IwAR2eQ4Y4vNDEAPHdFXasEbzGf58gUNh1f-mNi8--wkl9-JbMpBOAtQdmwRc
8168936 , https://ntdvltgirsgov.store/
8168932 , https://loderstarfinance.live/
8168919 , https://antivirus-private.com/home/?verify=GR3WZ0BPGR3W-87FM-GR3W87FM87FM-VI7B87FM&sessionUser=5dfhplbc40t87n3re3sf7vg8od&mta=c20ad4d76fe97759aa27a0c99bff6710
8168917 , https://widget-b67264cd0eb14a70b3679eddcc50baa9.elfsig.ht/
8168916 , https://widget-06bcb80cc00f424fb2c168fef64dfdaa.elfsig.ht/
8168905 , https://www.servizio-fatturazione-aruba-it.net/oIGCw1tEdA9r9MQdVtehwhqZXzpq8kKJFuaJseLt7ZxHsvYUp6MgVrkTmny/
8168905 , https://www.servizio-fatturazione-aruba-it.net/oIGCw1tEdA9r9MQdVtehwhqZXzpq8kKJFuaJseLt7ZxHsvYUp6MgVrkTmny/
8168894 , https://www.nextestate.sharepoint.dypsi.com/home/
8168888 , https://bitflyer-bcoin.space/?shiny
8168866 , https://mycobrancenvt.brazilsouth.cloudapp.azure.com/
8168863 , http://marinanew.brazilsouth.cloudapp.azure.com/?hash=%25email%25
8168862 , http://depostba.com/
8168861 , https://depostba.com/
8168850 , http://admin-valet-iguatemi.fastproserv.com/Login
8168833 , http://eplatform.pvlcommerce.com/bbbya.html
8168828 , https://gestiones-bip.com/
8168827 , https://antibutoszlrsofficesjd.tknbqrd.com/6m95UFj
8168826 , https://hayatayebeh.com/wp-content/themes/apiirs.php
8168817 , http://distinctcremations.site/
8168803 , https://meethotwoman.life/?u=l20pae3&o=hxvkt8q
8168802 , http://free-dating.net.ru
8168777 , https://claim-rewards.top/tenset/?prt
8168776 , https://metamask.io-suite.shop/
8168772 , https://1inchreward.app/
8168768 , https://transnett.xyz/
8168764 , https://lmo.ssahdkn.info/?username=accounts@centrica.com
8168764 , https://lmo.ssahdkn.info/?username=accounts@centrica.com
8168762 , https://1568998161-srv1-customer-verification01a.msa.com.gt
8168761 , https://1568998161-srv1-customer-verification01a.msa.com.gt/?pandora
8168760 , https://novadelims.com.br/lXbPVPB
8168755 , https://rneta-mask-io.pagedemo.co:443/
8168751 , https://t.co/a9XROYkwhh
8168745 , https://linktr.ee/fatouraob
8168740 , https://fom.li/f/fMR1rZIrQs
8168736 , https://crypto-reclaim.com/
8168733 , https://tqb8v0e6.page.link/u9DC
8168731 , https://infinity-crest.com/
8168723 , https://stevarafrec.blogspot.com/2023/06/index.html
