Phish ID,URL
8202183,https://shop.ee-zt.com/#/login
8202182,http://app.exodus.com.himalayagtl.com
8202181,https://sousoumbai.com
8202180,https://mczcpxh.com
8202179,http://app.exodus.com.dive-stop.com
8202168,https://ipfs.io/ipfs/QmRNVEmQ9RRSvm6CMSiny63DtZ8Wy9djCt7bRxX7Vcn3Kr/index.html
8202167,https://bafybeibxr65jjla6om5p2ibrlrhl6bftpey64wgm5ohkpvnbvlkpbysbwy.ipfs.dweb.link/?emailtoken=*@*&domain=sc.com
8202166,http://bafybeibxr65jjla6om5p2ibrlrhl6bftpey64wgm5ohkpvnbvlkpbysbwy.ipfs.dweb.link/?emailtoken=*@*&domain=sc.com
8202165,https://bafybeidsl7jbv4oarfv6xjakwniyoasdktws7pcqb65y2qvox2biacroxy.ipfs.dweb.link/
8202164,http://bafybeidsl7jbv4oarfv6xjakwniyoasdktws7pcqb65y2qvox2biacroxy.ipfs.dweb.link/
8202163,https://bafybeigilh7ppwgsyqthc7s73nevwcssjohrhd2e6azps2x3ut6pqhidqm.ipfs.dweb.link/2fa-saasf.html?email=*@
8202162,http://bafybeigilh7ppwgsyqthc7s73nevwcssjohrhd2e6azps2x3ut6pqhidqm.ipfs.dweb.link/2fa-saasf.html?email=*@
8202157,https://smartify.infura-ipfs.io/ipfs/QmTgq9EAkocR8HNZxSvB7rJY625yR9mLArcuHW6zvfoYsN
8202129,https://ff.members.garenae.vn/
8202118,https://thanhtoangarena.vn
8202117,https://sukien-freefire2023.garenar.vn/
8202101,https://newsletter.consensys.io/e3t/Ctc/T8+113/czspy04/VVw4_S4WgB_PN1gtFzb2n0_6VBzM2_50kh36N61zzVw3q3n_V1-WJV7CgWwvW9lCzL22R8m2ZW6_3xHW6QD3jlW5DVnzl1vpZ6tW2KGgV34b-b2SW7qVfXp9bYZgsW3b2HVs87w-1rW7CV8sN269H0xW3NnTtf1M_5wQW7ysw6W81j7DvW1hmw-Z4sHL12W1mlr7w3h4f_CW3P4vjf4mt2xbW1YZ4Rs4N7RKgW2_f7834wchqpVxHqDk4zzmYtW3njpHM1Dy9h8W5ZX3yz27dS4WW8c9Mdx113CvwW2LFprt3L_vzdW41PMGm7Bg6_TW38cMzS6G9sKLW1cV9sQ3mC14vW35n7HV6wPDVNW3gHTXl6N9qqGW4Bgr0R742SWbN3jRLWsyM9t93nbB1
8202099,https://aeon-co.org/
8202098,https://aeon--jp.com/
8202096,https://sistescredito.azurewebsites.net/
8202091,https://onlineroyalnet.com
8202090,https://forms.office.com/Pages/ResponsePage.aspx?id=s_BgbwZfCU6XFZiduozH2AxACqs-FwVDuVSjZ4NtzzxUMFlDVzhGNFNVNTg4MjhXNlo0QUlUNzBUWS4u
8202089,https://amajm8.com/index/user/login.html
8202088,https://amazon094.com/index/login/index?code=2
8202086,https://newsletter.consensys.io/hs/manage-preferences/unsubscribe-all?languagePreference=en&d=Vnd69y7QxFfxVMmJHx43VqYWW3ZSv3y4cMNGsW3K9x-H3JtwGDN6tg0xqmWcMHW8wszZN72rl8nV25tmP8dYzHWW5B3wp663v1WHN5gw5lk1yf0NW30rd0q7zjLznW4l99WN3MdDDsn8kxjNs4h3&v=3&utm_campaign=MetaMask&utm_source=hs_automation&utm_medium=email&utm_content=162381507&_hsenc=p2ANqtz-9FaCTN3oj4njieSIRVxkbM3BBwF1YhVAGII9zZz9gJ2wTvHsVHw-fzC-fCwE6RnqH-1gopC-6yrsSoyKwzbHQ6wDVakA&_hsmi=162381507
8202084,http://app.exodus.com.cardsngo.org
8202083,http://app.exodus.com.remocars.ro
8202081,http://app.exodus.com.skyplan.co.ke
8202077,http://app.exodus.com.perfectionbase.com
8202064,https://tiendaoficialquiero.com/
8202063,https://quieroficial.com/
8202057,https://www.linkedin.com/slink?code=eeviz-vt
8202055,https://www.galagames-cbr04.com
8202054,http://app.exodus.com.ellaiammankoil.org
8202040,http://webmail.laser-skin.com.mx/
8201950,https://t.co/oaq5S1YiSo
8201838,https://carrefourrcard.com/loginjsf.php?93643=fa1a14bc8b485dcd667d9197f07febe7&93643
8201824,https://shrapnel.online/
8201822,https://www.fornecedores.work/
8201821,http://hotmart.fornecedores.work
8201820,https://soft-onlineuser-logln.netlify.app/
8201815,https://cedulesdes.com/77Ahrvc
8201814,https://www.linkedin.com/slink?code=ebUbVciZ
8201813,https://www.linkedin.com/slink?code=eH9GNEMM
8201812,https://dimdudimdansbursq.updharmadown.com/eXiALID
8201810,https://hikasudeg.com/jbl-partybox-100/?utm_campaign=5zqem6qhza
8201807,https://docxinbortanicmainkonco.updharmadown.com/Eps0Cjn
8201806,http://ww25.dbspaymentlah.info/index.php?entity=31321&subid1=20230630-0525-12fc-bdc1-0bfa2c9a59e6
8201805,http://dbspaymentlah.info/index.php?entity=31321
8201796,https://www.hoppermembers.com/
8201793,https://es.imagin-avisos.com/
8201786,http://pepecoin666airdropclaim2023newvyazhikoshelek.top
8201781,https://lamatanpadirimu.ddnsking.com/?teray
8201775,https://eth-staking-two.p2p.org
8201772,https://www.ex-changenow.com
8201771,https://viacred.acessoempresarial.com/
8201720,https://cn.sehejjb.com/products/m%C3%A1quina-bordadora-y-coser-nv960dl?fbclid=PAAaZhAI67_qwkbGYMbXniesoVlPYpyaBj1bZ8iYLThUtJbz9cWrjhmpNDVFg_aem_AWrPxDLPwrpkNv4CDypmgIFT6W-FGI0aq45unJlfOLnvfOGyOD7S4h0dmbVoCBh8wOOaYPjj1nTUdHRgfuEiqdkY
8201696,http://m.banestes-appseguranca.com
8201695,https://www.ml-bgan.xyz/#/
8201674,https://antai-amendes-public.com/
8201659,https://southamerica-east1-united-axle-387617.cloudfunctions.net/gedescopontos
8201658,https://southamerica-east1-united-axle-387617.cloudfunctions.net/meudesco
8201657,https://4-72impuesto.online/inicio.php
8201651,https://www.linkedin.com/slink?code=ePuUDM2D
8201647,https://www.barril-bud.com/
8201646,https://www.nu-aumentodelimite.online/
8201588,https://sites.google.com/view/suporte-beess/in%C3%ADcio
8201524,https://www.slipper-sales.com/
8201514,https://www.fityourstyle.xyz/
8201513,https://web.leitz-cloud.com/shares/file/Zj8wPPzi5rn/
8201511,https://www.comfortshoe.online/
8201506,https://onedrop.website
8201500,https://wetransfer.com/downloads/72ac4898a1c939c9bc47710cbb13feaf20230629091106/a36f01
8201499,https://we.tl/t-t1LGNwB1NO
8201496,http://websitemail.from-ak.com/
8201495,http://sacolaodasverduras15.com/df3d68e7-f41b-4abc-8375-56ab2a133729/f4ea764f-d2b4-4c9f-b9f2-dd8ef5765/
8201494,https://webmail.appacesso.com/redir/?hash=Ym9uaWxoYUBlbGV0cmljYWZvcnRlLmNvbS5icg==
8201490,https://d8hxy.app.goo.gl/cWGBbwBSaS1BLZfZ9
8201487,https://viacredi.acessoempresarial.com/
8201486,https://jf27z.app.goo.gl/PnEBdWr3Tu54jhVu5
8201457,http://patricia-contreras.com/secure/?RtxGwSvsf2
8201448,http://bundes-finanzministerium.com/secure/?5WXDT2qHYG
8201436,http://www.moey-confirme.online/
8201435,https://stake-lidofl.com
8201432,http://www-yobit-net-acess.42web.io
8201429,https://ambev.digitalvendasonline.com/
8201428,http://ambev.digitalvendasonline.com/
8201426,https://sites.google.com/view/centrodedistribuicaombev/in%C3%ADcio
8201425,https://sites.google.com/view/portaldistribuidor-online
8201424,https://sites.google.com/view/ambev-distribuidoraoficial/p%C3%A1gina-inicial
8201423,https://sites.google.com/view/distribuidoradebebidasbev/in%C3%ADcio
8201422,https://sites.google.com/view/cervejariaonline/p%C3%A1gina-inicial?gclid=EAIaIQobChMIqp6Ewq3c_gIVFQ8rCh21hwNmEAAYASAAEgJh4fD_BwE
8201418,https://m.avisodeponto.com/
8201413,https://www.lecafenuage.com/
8201412,https://ecrottebra.tech
8201409,https://w.acessofaceid.me
8201406,http://pontos.itau30hr.me
8201405,http://243.37.167.72.host.secureserver.net
8201404,http://72.167.37.243
8201401,https://flyadmiral.com/
