8157730, http://threeolivedesigns.com/sprayerqa.php?b=squirmed&x=axolotls&u=specimens&c=superimposed
8157726, https://gohunts.monster/
8157725, https://ipfs.moralis.io:2053/ipfs/QmXEa8K7mHBAahm1viHzkoV4C4YjcBWZEDtA215Sua3PUj/etrt.html
8157724, https://bit.ly/42Z693I
8157722, https://arubapaga.page.link/NLtk
8157720, https://canshu.cn-csgo.com/
8157712, https://peekshow.live/
8157708, https://banid.pythonanywhere.com/std/app/verification
8157702, https://banid.pythonanywhere.com/std/siffer/verification?u=3e967029e3398df62b73ae54aae9b4904d4c912496d2fc997a14992dccd4d8d1&secret=f5ff1998359c9932bb54f2f64cc3170342158a6998077e2a6247c5f183303629
8157697, https://hasbulla.tech
8157695, https://rfdgot.org
8157694, https://rfddrop.org
8157692, https://www.connect2capital.com
8157691, https://www.drinkpod.com
8157688, http://psyop.day/
8157685, https://claim-my-yoda.com/
8157673, https://extension-meta.viewdns.net/FMfcgzGsmhgmvjpSDDDvkDTNzwfLMWQW/df3bf/
8157672, https://ing.gestiondeaccesos.info
8157663, https://harmony-one.abmoverspackers.com
8157659, https://thewealthinhands.systeme.io/aimailer
       , https://phishtank.org/phish_detail.php?phish_id=
8157658, https://www.boredapeyachtclub-my.com/
8157657, https://livedeofertasmagazine.com/589458/265841i/product.php?sku=1277954
8157653, https://cake-bakery.org
8157650, https://vela-exhance.io/
8157647, https://panckakeswap.site/
8157645, https://xrp2024.top/
8157644, http://xrp2024.top/
8157643, https://pancakeswap-web3.pages.dev/
8157641, https://express.adobe.com/page/9rwqY4DvzWZCa/
8157640, https://sites.google.com/view/cuscatlan/p%C3%A1gina-principal?authuser=1
8157639, https://validarcuentacusca63232.weebly.com/
8157638, https://express.adobe.com/page/a4e4nPUNGpuTl/
8157735, https://tinyurl.com/4zkx2xkf
