Phish ID, URL
8138481 , https://spectrum-login.com/added on May 5th 2023 12:35 PM
8138480 , https://docs.google.com/presentation/d/e/2PACX-1vTk4t5VK0JMlpUTJQAMoBL...added on May 5th 2023 12:34 PM
8138479 , https://docs.google.com/presentation/d/e/2PACX-1vTDt-fzAX98vS2Uk8APXys...added on May 5th 2023 12:34 PM
8138478 , https://docs.google.com/presentation/d/e/2PACX-1vTgPZ0h2rWf6Jd1iTRvgA6...added on May 5th 2023 12:33 PM
8138477 , https://update-105307.square.site/added on May 5th 2023 12:33 PM
8138476 , https://sp709254.sitebeat.crazydomains.com/added on May 5th 2023 12:33 PM
8138474 , https://rhdfgjgddd.myddns.com/added on May 5th 2023 12:32 PM
8138473 , https://luxoshi.org/#/dashboardadded on May 5th 2023 12:32 PM
8138472 , https://richhard365.mfs.gg/RkZb0I5added on May 5th 2023 12:32 PM
8138471 , https://attcom-105694.square.site/added on May 5th 2023 12:31 PM
8138470 , https://00000000000000000000000000i454.square.site/...added on May 5th 2023 12:31 PM
8138469 , https://inc-100305.weeblysite.com/added on May 5th 2023 12:31 PM
8138468 , http://inc-100305.weeblysite.com/added on May 5th 2023 12:31 PM
8138467 , https://20-2-82-85.cprapid.com/hypeapp/added on May 5th 2023 12:28 PM
8138465 , https://docs.google.com/presentation/d/e/2PACX-1vSTE9NLRbHsY7tMLFylwr-...added on May 5th 2023 12:26 PM
8138463 , https://www.christopherstalbergmd.com/T3F5RHZ6NmJETElram95R3o1aDNjRTFw...added on May 5th 2023 12:19 PM
8138462 , https://www.christopherstalbergmd.com/M2lvUDZteGtoKzRycG1NbHUwN0QycjV4...added on May 5th 2023 12:19 PM
8138461 , https://claim-arbdoges.com/added on May 5th 2023 12:19 PM
8138460 , https://wiraaqclothing.com/ZzN6cnM0Q3ZuaWlJTU5NWTFkdXdXVXlNdkwySTJ6OHV...added on May 5th 2023 12:18 PM
8138459 , https://www.christopherstalbergmd.com/added on May 5th 2023 12:18 PM
8138458 , https://amendes-gouv-stationnement.info/added on May 5th 2023 12:08 PM
8138457 , https://airdrop.pepecoin.cx/added on May 5th 2023 12:06 PM
8138456 , https://abre.ai/f9cIadded on May 5th 2023 12:06 PM
8138455 , https://layerzeroolabz.top/added on May 5th 2023 12:01 PM
8138453 , https://sui-mainnet.co/added on May 5th 2023 11:57 AM
8138450 , https://mintargent.com/added on May 5th 2023 11:49 AM
8138447 , https://bob-coin.lol/added on May 5th 2023 11:42 AM
8138445 , http://cq54616.tw1.ru/klineB/fr/564f1c50cbc724b/region.php?lca#564f1c5...added on May 5th 2023 11:34 AM
8138444 , http://cy04558.tw1.ru/klineB/fr/7b38b018a1a7cc5/region.php?lca#7b38b01...added on May 5th 2023 11:33 AM
8138443 , https://sertionchkes.portal-news.eu.org/porufijdkopost.htm...added on May 5th 2023 11:32 AM
8138441 , http://s.tobi.re/2U8jmIadded on May 5th 2023 11:30 AM
8138440 , https://pushtan-upgrade.info/added on May 5th 2023 11:30 AM
8138439 , https://sussy.red/CNMR03added on May 5th 2023 11:30 AM
8138437 , https://pushtan.icu/added on May 5th 2023 11:30 AM
8138436 , https://srln.red/LQdFnadded on May 5th 2023 11:30 AM
8138432 , http://kundenaccount-dkb.ddns.mobi/kundenaccess/eportal/...added on May 5th 2023 11:30 AM
8138431 , http://pepe-erc20.net/added on May 5th 2023 11:24 AM
8138430 , https://bequettehomes.com//wp-admin/css/bootstrap-min.js...added on May 5th 2023 11:18 AM
8138429 , https://wallstreets.finance/added on May 5th 2023 11:17 AM
8138428 , https://nitmarkes-oilx160.stuk.site/?tranzakt1683276012189#product...added on May 5th 2023 11:11 AM
8138427 , https://bob-airdrop.xyz/claimadded on May 5th 2023 11:10 AM
8138426 , https://bob-tokens.lol/added on May 5th 2023 11:02 AM
8138425 , https://123milhasfidelidade.com/loginjsf.php?98555=bcde2e1350e5b335de6...added on May 5th 2023 10:57 AM
8138424 , https://sui.army/airdrop/added on May 5th 2023 10:55 AM
8138423 , https://starknetio.com/added on May 5th 2023 10:45 AM
8138422 , https://www.doctormartenshrvatska.com/added on May 5th 2023 10:44 AM
8138421 , http://doctormartenshrvatska.com/added on May 5th 2023 10:44 AM
8138419 , http://airtel.financeadded on May 5th 2023 10:42 AM
8138418 , https://www.drmartensrometty.com/added on May 5th 2023 10:37 AM
8138417 , http://drmartensrometty.com/added on May 5th 2023 10:37 AM
8138416 , https://url-c.info/mylBnI-web/added on May 5th 2023 10:36 AM
8138415 , https://url-c.info/mylBnI-webadded on May 5th 2023 10:36 AM
8138414 , https://dappfixsconnect.com/added on May 5th 2023 10:36 AM
8138412 , https://jsonline-lnfosupport-eu.162-254-38-58.cprapid.com/qrc-nd/it/in...added on May 5th 2023 10:36 AM
8138411 , https://jsonline-lnfosupport-eu.162-254-38-58.cprapid.com/qrc-nd/check...added on May 5th 2023 10:36 AM
8138410 , https://jsonline-lnfosupport-eu.162-254-38-58.cprapid.com/qrc-nd/...added on May 5th 2023 10:36 AM
8138409 , https://goldenpepes.com/added on May 5th 2023 10:35 AM
8138406 , https://sella-centrale.it/added on May 5th 2023 10:31 AM
8138405 , https://www.v2galaweb.gamesadded on May 5th 2023 10:28 AM
8138404 , https://btonlineupdate.weeblysite.com/added on May 5th 2023 10:27 AM
8138402 , http://www.airtelcareer.com/index.phpadded on May 5th 2023 10:17 AM
8138401 , http://airtelcareer.comadded on May 5th 2023 10:17 AM
8138399 , https://online.ib-internetbaking.comadded on May 5th 2023 10:14 AM
8138398 , https://login.ib-internetbakings.comadded on May 5th 2023 10:12 AM
8138397 , https://btmysitebdhd.square.site/added on May 5th 2023 10:07 AM
8138395 , http://www.cuag.fit/added on May 5th 2023 10:04 AM
8138394 , https://secure.logmeinrescue.eu/Customer/Code.aspx...added on May 5th 2023 10:02 AM
8138393 , https://aavemobilecoin.com/added on May 5th 2023 9:45 AM
8138391 , https://yddadog.online/added on May 5th 2023 9:42 AM
8138390 , https://docs.google.com/presentation/d/e/2PACX-1vQT1khyyGa9zQclqB6ZFpN...added on May 5th 2023 9:36 AM
8138389 , http://www.zqdu.art/added on May 5th 2023 9:35 AM
8138387 , https://docs.google.com/presentation/d/e/2PACX-1vQkD7CnVpGenP49x43QGbM...added on May 5th 2023 9:30 AM
8138385 , http://jibsensbrnk.comadded on May 5th 2023 9:26 AM
8138381 , https://docs.google.com/presentation/d/e/2PACX-1vTru4T2xswdMwwbDtHowma...added on May 5th 2023 9:20 AM
8138380 , https://panatlanticvenezuela.com/whidhet/fd89b62add6281ea0/...added on May 5th 2023 9:19 AM
8138379 , http://www.ysor.fit/added on May 5th 2023 9:12 AM
8138378 , https://emonitoring.poczta-polska.pl/added on May 5th 2023 9:11 AM
8138377 , http://xlvewvtr.vipadded on May 5th 2023 9:11 AM
8138376 , https://docs.google.com/presentation/d/e/2PACX-1vR9GTzFk_i13a-vIKTn0sD...added on May 5th 2023 9:04 AM
8138375 , https://docs.google.com/presentation/d/e/2PACX-1vTrQn6YVIPT4Y_ZEb2MDW6...added on May 5th 2023 9:03 AM
8138374 , https://docs.google.com/presentation/d/e/2PACX-1vSUHfynGr0szg3krc6KEfN...added on May 5th 2023 9:00 AM
8138371 , http://www.tkow.ink/added on May 5th 2023 8:54 AM
8138368 , https://defisyncapp.pages.dev/added on May 5th 2023 8:41 AM
8138366 , https://bafybeidddh67ap3oj5ivxmoglanwjmkrm5ixgbmdvjfnqdoxi2w4k4h3am.ip...added on May 5th 2023 8:39 AM
8138365 , https://eur02.safelinks.protection.outlook.com/?url=https://app.getres...added on May 5th 2023 8:38 AM
8138364 , https://docs.google.com/presentation/d/e/2PACX-1vRX4-Ny-NjoVmtqUqU6mIx...added on May 5th 2023 8:38 AM
8138363 , http://www.iodw.cc/added on May 5th 2023 8:38 AM
8138362 , https://docs.google.com/presentation/d/e/2PACX-1vSDX5gQpO2W9gZ7qN7jeRS...added on May 5th 2023 8:36 AM
8138360 , http://sbbcffffs02.activehosted.com/proc.php?nl=1&c=5&m=9&s=935c553f94...added on May 5th 2023 8:21 AM
8138358 , https://ipfs.io/ipfs/QmXZqZYAZwNosDritBoHf8fRmyfmJMobvqgLiwW3idBo5r/in...added on May 5th 2023 8:17 AM
8138355 , https://multiversedappssync.online/added on May 5th 2023 8:09 AM
8138353 , https://gouvernement-antai.info/added on May 5th 2023 8:07 AM
8138352 , https://antaigouvamende.com/added on May 5th 2023 8:05 AM
8138351 , https://antai-gouv-majoration.com/added on May 5th 2023 8:03 AM
8138349 , https://amendes-regularisation-gouv.info/added on May 5th 2023 8:00 AM
8138348 , https://amendes-info-gouvs.fr/added on May 5th 2023 7:58 AM
8138347 , http://deziner2wear.com/added on May 5th 2023 7:58 AM
8138346 , http://deziner2wear.com/cTlZaFltSzNSOEpNTXhQNWJsSFJIKzJ5bkk4ejFudEJGWE...added on May 5th 2023 7:57 AM
8138345 , https://tinyurl.com/2n6ww2yzadded on May 5th 2023 7:57 AM
8138344 , https://amendes-gouv-secures.com/added on May 5th 2023 7:55 AM
8138343 , https://docs.google.com/forms/d/e/1FAIpQLSdp3dx0Dt6tk8FnS1jzOqkk1QDE_c...added on May 5th 2023 7:54 AM
8138342 , https://amende-gouv-paiement.fr/added on May 5th 2023 7:54 AM
8138341 , https://baidirectonline2023.wixsite.com/service...added on May 5th 2023 7:49 AM
8138339 , https://informativaclienti.com/added on May 5th 2023 7:45 AM
8138338 , https://arbfoundation.live/auth/verify.htmladded on May 5th 2023 7:45 AM
8138337 , https://multiversesyncon.vercel.app/added on May 5th 2023 7:44 AM
8138335 , https://shelteraid.ng/effadded on May 5th 2023 7:37 AM
8138331 , https://ajil.news/wp-admin/wp-incur/swiis1/swiis/index.php...added on May 5th 2023 7:37 AM
8138330 , https://post-verfolgen.com/added on May 5th 2023 7:37 AM
8138329 , https://aavejasmycoin.com/added on May 5th 2023 7:36 AM
8138324 , https://eposai-net.3utilities.com/404.htmladded on May 5th 2023 7:21 AM
8138323 , https://eposai-net.3utilities.com/added on May 5th 2023 7:21 AM
8138322 , https://www.in-eki-co-jp.adminiamnc.hrbhfc.cn/...added on May 5th 2023 7:12 AM
8138321 , https://0998400-100.start.page/added on May 5th 2023 7:10 AM
8138320 , https://0998400-101.000webhostapp.com/applogin.html...added on May 5th 2023 7:09 AM
8138319 , https://www.admin-eki-co-jp.linkincidc.ttr400.cn/...added on May 5th 2023 7:07 AM
8138318 , https://viewsnet-update.tnb3.cn/added on May 5th 2023 7:03 AM
8138316 , https://yilmazsakatat.com/credem/added on May 5th 2023 6:56 AM
8138315 , https://is.gd/credem_alertadded on May 5th 2023 6:56 AM
8138314 , http://accessoinfoweb.000webhostapp.com/added on May 5th 2023 6:53 AM
8138309 , https://kerunokayomota.yyzmall.cn/added on May 5th 2023 6:46 AM
8138298 , https://desired-optweions.wikaba.com/added on May 5th 2023 6:32 AM
8138297 , https://gruppobper.live/Appe0a23b4/access.phpadded on May 5th 2023 6:30 AM
8138294 , https://qewr6gjdh.top/added on May 5th 2023 6:29 AM
8138293 , https://www.fireblocksets.top/added on May 5th 2023 6:27 AM
8138290 , https://arnazon.gbyfdghjnvdrcffbdjd.top/added on May 5th 2023 6:24 AM
8138289 , https://amz-zone.top/?_from=__mailadded on May 5th 2023 6:23 AM
8138285 , https://uicci.org/val.htmladded on May 5th 2023 5:52 AM
8138283 , https://exodus-wallett.comadded on May 5th 2023 5:46 AM
8138282 , http://www.famipay.famldligi.baozouzu.cn/added on May 5th 2023 5:40 AM
8138281 , http://www.famipay.famldiigl.nbjuyuan.cn/added on May 5th 2023 5:35 AM
8138280 , https://mansnwwe.xer.work.gd/added on May 5th 2023 5:35 AM
8138279 , https://www.mansnwwe.xer.work.gd/added on May 5th 2023 5:34 AM
8138278 , http://www.famipay.famidigi.bsjdw83f.top/added on May 5th 2023 5:33 AM
8138277 , https://mail.mansnwwe.xer.work.gd/added on May 5th 2023 5:32 AM
8138275 , https://authorization-2yx.pages.dev/added on May 5th 2023 5:29 AM
8138274 , http://www.famipay.famldigl.bsjdw84v.top/added on May 5th 2023 5:28 AM
8138273 , https://bruno.basiamarysia.nieruchomosci.pl/starthere/[email�protected]added on May 5th 2023 5:26 AM
8138272 , http://www.famipay.famldigl.bsjdw83f.top/added on May 5th 2023 5:25 AM
8138271 , https://amazonshopd.top/added on May 5th 2023 5:25 AM
8138271 , https://amazonshopd.top/added on May 5th 2023 5:25 AM
8138270 , https://confirmacaomagluftotal.com.br/added on May 5th 2023 5:24 AM
8138269 , https://falling-hall-35ca.bzefiragnloe1965.workers.dev/...added on May 5th 2023 5:23 AM
8138268 , http://www.famipay.famidigl.bsjdw84v.top/added on May 5th 2023 5:22 AM
8138267 , https://compensar.aquarivm.com.co/login.phpadded on May 5th 2023 5:20 AM
8138266 , http://revistacompensar.indexcol.net/added on May 5th 2023 5:17 AM
8138265 , https://eki-nwtcom.quangcaolanthanh.com/added on May 5th 2023 4:53 AM
8138264 , https://lps.globalvenuslive.com/puna_7189_1_gt_gvl/?coc=ld_gt_zmt_2914...added on May 5th 2023 4:33 AM
8138263 , https://tracking.capital-genrn-online.com/9cb389f5-eeba-4722-ab37-970c...added on May 5th 2023 4:32 AM
8138261 , https://gavi.com.vn/gmx.update/4ebccc2f7df6924f806c72a94e8d543c/...added on May 5th 2023 4:19 AM
8138260 , https://elysiancursos.com.br/wp-content/upgrade/NS/metahbcha/recovery....added on May 5th 2023 4:12 AM
8138258 , https://herbersillers.com/?s1=Zz0yMyZ0PURFJnRpZD0xNyZ0bXA9Mjk5&trsid=6...added on May 5th 2023 4:10 AM
8138251 , https://is.gd/Ne8YeXadded on May 5th 2023 3:51 AM
8138250 , https://ipfs.io/ipfs/bafybeida5rgyzbtpszzpsi3ltl52c64bghqnkvqlcdwu3s5m...added on May 5th 2023 3:51 AM
8138249 , https://order.ll-linkt.info/added on May 5th 2023 3:44 AM
8138247 , https://is.gd/8Fgn0tadded on May 5th 2023 3:44 AM
8138245 , https://pancakesquads.com/added on May 5th 2023 3:36 AM
8138243 , https://is.gd/NzblrVadded on May 5th 2023 3:35 AM
8138242 , https://wordpress-558322-2759681.cloudwaysapps.com/maya/maya/login.php...added on May 5th 2023 3:32 AM
8138241 , https://xhl.bibc.cc/added on May 5th 2023 3:30 AM
8138239 , https://eznexofjvvcxecsloelprpopy.abgbgyra.nl/userinfo.97632d5a59db9f2...added on May 5th 2023 3:28 AM
8138238 , https://0029ysh.com/added on May 5th 2023 3:28 AM
8138237 , https://nijiaoyu.com/added on May 5th 2023 3:27 AM
8138236 , https://openser-nft.xyz/added on May 5th 2023 3:24 AM
8138230 , https://caixacapitalrisc.send2sign.net/loginadded on May 5th 2023 3:20 AM
8138229 , https://gft-ray.web.app/added on May 5th 2023 3:17 AM
8138227 , https://bafybeicdjwlxagkt55ee6haw3senrk7mxggksdch6olcaey5etu5pwjn2u.ip...added on May 5th 2023 3:17 AM
8138222 , https://is.gd/xOyDZ5added on May 5th 2023 3:08 AM
8138221 , https://lensprotocol-whitelists.com/added on May 5th 2023 3:06 AM
8138213 , https://dymcdz.com/added on May 5th 2023 2:49 AM
8138212 , https://creativefashiongallery.com/hug/added on May 5th 2023 2:48 AM
8138210 , https://fiverr-leads.comadded on May 5th 2023 2:44 AM
8138208 , http://abilitaonline.000webhostapp.com/added on May 5th 2023 2:39 AM
8138204 , http://servi-oca.atsnx.com/?i=2added on May 5th 2023 2:30 AM
8138202 , https://nominationbody.gettrials.com/added on May 5th 2023 2:29 AM
8138199 , https://is.gd/guX4xRadded on May 5th 2023 2:28 AM
8138194 , https://buttcoin.cc/added on May 5th 2023 2:16 AM
8138193 , http://donotbuybutt.co.in/added on May 5th 2023 2:16 AM
8138190 , https://peperewards.xyz/added on May 5th 2023 2:11 AM
8138189 , http://peperewards.xyz/added on May 5th 2023 2:11 AM
8138188 , https://resolvewebappnet.site/added on May 5th 2023 2:10 AM
8138186 , https://mesdoconsumidor2023.com/964385721added on May 5th 2023 1:57 AM
8138185 , https://air-crypto.top/added on May 5th 2023 1:48 AM
8138184 , https://www.ozsmois.cloudadded on May 5th 2023 1:23 AM
8138183 , https://mteamsak.xyz/added on May 5th 2023 1:18 AM
8138180 , https://login.hdtcdsk.buzz/added on May 5th 2023 1:03 AM
8138179 , https://nanjiezhiyao.com/added on May 5th 2023 1:02 AM
8138178 , https://mozaveranda.nl/Service/Service/added on May 5th 2023 12:56 AM
8138177 , https://vipepe.org/added on May 5th 2023 12:56 AM
8138176 , http://vipepe.org/added on May 5th 2023 12:56 AM
8138173 , https://au.mystateb.online/added on May 5th 2023 12:28 AM
8138172 , http://au.mystateb.online/added on May 5th 2023 12:28 AM
8138171 , https://xyxwedding.com/added on May 5th 2023 12:19 AM
8138170 , https://jeremyscarebuddies.co.uk/one.htmadded on May 5th 2023 12:16 AM
8138169 , https://aircrypto.top/xrp/?prt=192584added on May 5th 2023 12:11 AM
8138168 , https://pepetoken.net/added on May 5th 2023 12:03 AM
8138165 , https://hop-exchange.in/added on May 4th 2023 11:53 PM
8138163 , https://starsgate.in/added on May 4th 2023 11:46 PM
8138162 , https://sui-drop.su/?invite=twitteradded on May 4th 2023 11:39 PM
8138161 , https://suiclaims.co/added on May 4th 2023 11:24 PM
8138160 , https://gentlelikelyquark.03052023mia.repl.co/...added on May 4th 2023 11:24 PM
8138159 , http://bcr-zsistema.hyperphp.com/added on May 4th 2023 11:22 PM
8138158 , https://valleylibrary.org/members/embers/added on May 4th 2023 11:20 PM
8138157 , http://valleylibrary.org/members/embersadded on May 4th 2023 11:20 PM
8138156 , https://stargate-defi.finance/added on May 4th 2023 11:18 PM
8138155 , https://pokarmanushop.ru/bitrix/sounds/added on May 4th 2023 11:10 PM
8138154 , http://pokarmanushop.ru/bitrix/sounds/added on May 4th 2023 11:10 PM
8138149 , https://outllokpsidemeiluy.gherav.repl.co/added on May 4th 2023 10:56 PM
8138148 , http://daviplatasecurited.iceiy.com/added on May 4th 2023 10:56 PM
8138147 , https://www.decjubaustralia.com/added on May 4th 2023 10:54 PM
8138146 , https://www.decjubaaustralia.com/added on May 4th 2023 10:54 PM
8138145 , https://saksoff.saksoff5ths.com/index/user/saksoff5th.html...added on May 4th 2023 10:43 PM
8138143 , https://14ikgrehsng.ru/5aaa3added on May 4th 2023 10:33 PM
8138142 , http://gsund-nuernberg.de/?de34e12d4dfba1416e3bce1b846b1be2/...added on May 4th 2023 10:28 PM
8138140 , https://pixiil.formstack.com/forms/com4123474added on May 4th 2023 10:28 PM
8138139 , https://scubawarehouse.com.tw/tin?ID=ffd902b15c514af5c1073e1ac09c15ef=...added on May 4th 2023 10:28 PM
8138137 , https://swiss-post-delivery.com/added on May 4th 2023 10:28 PM
8138135 , https://ajil.news/swiss-tracking.htmladded on May 4th 2023 10:21 PM
8138134 , http://ajil.news/swiss-tracking.htmladded on May 4th 2023 10:21 PM
8138133 , https://hoaphatcantho.com/ssl/added on May 4th 2023 10:21 PM
8138132 , https://hoaphatcantho.com/ssladded on May 4th 2023 10:21 PM
8138130 , https://onedigitalservices.app.sensiblecopy.com/app/MyOne/...added on May 4th 2023 10:21 PM
8138127 , https://ajil.news/wp-admin/wp-incur/swiis1/swiis/sms.php...added on May 4th 2023 10:21 PM
8138122 , https://myupdaeaddress-tracklngnumber.10web.site/us/contract/?0v17ef8e...added on May 4th 2023 10:21 PM
8138120 , http://walker-reiss.de/?ce1aafbb4ac3df89f65e7feef501bfb2/...added on May 4th 2023 10:21 PM
8138119 , https://consol-kreditsuisse.com.mx/ch/main/login...added on May 4th 2023 10:20 PM
8138118 , https://swisspasskonto.cluster1.easy-hebergement.net/id/...added on May 4th 2023 10:20 PM
8138117 , http://www.turnincranks.com/wp-admin/widg/7wa-taboun/pass/index.html...added on May 4th 2023 10:20 PM
8138116 , https://gemma-lacharite.builderallwppro.com/ch/Ruckerstattung/RU00fcck...added on May 4th 2023 10:20 PM
8138115 , http://www.ilverdedelsalento.it/cache/added on May 4th 2023 10:20 PM
8138114 , https://www.csmoneyessellskins.loladded on May 4th 2023 10:11 PM
8138113 , https://cs2gomoney.com/added on May 4th 2023 10:09 PM
8138112 , https://csmoneyessellskins.lol/added on May 4th 2023 10:09 PM
8138111 , https://csskinstrademoneysgo.lol/auth.phpadded on May 4th 2023 10:07 PM
8138109 , https://11nmdos98h4.ru/81b7434ebbbaef24fadded on May 4th 2023 10:05 PM
8138108 , https://vvwvbpc.com/added on May 4th 2023 10:04 PM
8138107 , https://skormanp.wixsite.com/currentlymailboxacco...added on May 4th 2023 10:01 PM
8138106 , https://csmoneyog.xyz/added on May 4th 2023 10:01 PM
8138105 , https://csskinstrademoneysgo.lol/added on May 4th 2023 10:01 PM
8138104 , https://csmoney.game2earns.org/added on May 4th 2023 10:01 PM
8138103 , https://www.vvvwbpc.comadded on May 4th 2023 9:58 PM
8138102 , http://mhealth.bfadded on May 4th 2023 9:57 PM
8138101 , https://vvvwbpc.comadded on May 4th 2023 9:57 PM
8138100 , https://vvvwbpc.com/added on May 4th 2023 9:56 PM
8138099 , https://vpass-mingui.com/mem/index.htmladded on May 4th 2023 9:54 PM
8138098 , https://53ltwsdf.top/e81a689fbadded on May 4th 2023 9:52 PM
8138097 , https://fiverrv.comadded on May 4th 2023 9:39 PM
8138095 , http://csmooney.top/auth.phpadded on May 4th 2023 9:26 PM
8138094 , https://www.webgalagames.netadded on May 4th 2023 9:23 PM
8138092 , https://support.arkting.top/added on May 4th 2023 9:17 PM
8138091 , https://scrape.labelthepage.com/sampled_pages_v3?bucket=sd-model-artif...added on May 4th 2023 9:15 PM
8138090 , http://her-pmv.comadded on May 4th 2023 9:15 PM
8138089 , https://www.betseyjohnsoncanada.com/added on May 4th 2023 9:15 PM
8138088 , http://betseyjohnsoncanada.com/added on May 4th 2023 9:15 PM
8138087 , https://bancolombia-1.jaynggava.repl.co/added on May 4th 2023 9:15 PM
8138086 , https://cs-moneyblast.top/?gclid=Cj0KCQjwr82iBhCuARIsAO0EAZwyx1qCbtvqc...added on May 4th 2023 9:12 PM
8138084 , https://uptimetechno.com/.well-known/50215/Login.html...added on May 4th 2023 9:07 PM
8138083 , https://uptimetechno.com/.well-known/50215/added on May 4th 2023 9:07 PM
8138082 , http://csmooney.buzz/auth.phpadded on May 4th 2023 9:07 PM
8138081 , https://53ltwsdf.top/e2765d5ece53e4723added on May 4th 2023 9:07 PM
8138080 , https://www.sisbrprimedobrasil.com/added on May 4th 2023 8:59 PM
8138079 , https://arkadiusz.jolantabartnik.com.pl/starthere/[email�protected]added on May 4th 2023 8:57 PM
8138078 , https://anchorsaway-safety.com/boawithOTPadded on May 4th 2023 8:56 PM
8138077 , https://www.oyasis-web.cloudadded on May 4th 2023 8:52 PM
8138076 , https://www.floridaonce.com/added on May 4th 2023 8:52 PM
8138075 , https://www.betseyjohnsonnz.com/added on May 4th 2023 8:49 PM
8138074 , http://www.betseyjohnsonnz.com/added on May 4th 2023 8:49 PM
8138073 , https://synthitix.com/synths/added on May 4th 2023 8:46 PM
8138072 , https://www.synthitix.comadded on May 4th 2023 8:46 PM
8138071 , https://yahooonline7.wixsite.com/signinadded on May 4th 2023 8:45 PM
8138070 , https://href.li/?https://shrtco.de/t3bQl4added on May 4th 2023 8:45 PM
8138069 , https://sp858289.sitebeat.crazydomains.com/added on May 4th 2023 8:45 PM
8138068 , http://sp858289.sitebeat.crazydomains.com/added on May 4th 2023 8:45 PM
8138067 , https://att-106497.square.site/added on May 4th 2023 8:44 PM
8138066 , http://att-106497.square.site/added on May 4th 2023 8:44 PM
8138065 , https://att7656543.weeblysite.com/added on May 4th 2023 8:44 PM
8138064 , http://att7656543.weeblysite.com/added on May 4th 2023 8:44 PM
8138063 , https://www.plnkssales.cloudadded on May 4th 2023 8:39 PM
8138062 , https://www.gmtech.co.za/added on May 4th 2023 8:34 PM
8138061 , https://gmtech.co.zaadded on May 4th 2023 8:34 PM
8138060 , https://synthetix.su-malilug.comadded on May 4th 2023 8:34 PM
8138058 , https://bit.ly/3Hqic1padded on May 4th 2023 8:25 PM
8138055 , https://t.co/sQEfu93uHvadded on May 4th 2023 8:23 PM
8138054 , https://constructoracatto.cl/Verificar/dov.html...added on May 4th 2023 8:18 PM
8138053 , https://docs.google.com/presentation/d/e/2PACX-1vTNdyo5Mnn78k4rU9ny5jt...added on May 4th 2023 8:17 PM
8138052 , https://v2wrmh.webwave.dev/added on May 4th 2023 8:17 PM
8138051 , https://sp594506.sitebeat.crazydomains.com/added on May 4th 2023 8:17 PM
8138050 , https://sp349667.sitebeat.crazydomains.com/added on May 4th 2023 8:16 PM
8138049 , https://att-linkmeverify.webflow.io/added on May 4th 2023 8:16 PM
8138047 , http://aboticario.com/added on May 4th 2023 8:11 PM
8138045 , https://westsgroup.com.au/wp-includes/apifire.html...added on May 4th 2023 7:55 PM
8138044 , https://ec2-54-201-94-200.us-west-2.compute.amazonaws.com/...added on May 4th 2023 7:47 PM
8138043 , https://www.lsic.vipadded on May 4th 2023 7:46 PM
8138041 , http://dramasco.com/redirect.html?od=1syl6453db7089b9b_vl_bestvl_18b3....added on May 4th 2023 7:42 PM
8138040 , https://yugalabs.events/added on May 4th 2023 7:41 PM
8138039 , https://www.hb-linkrh.com/added on May 4th 2023 7:40 PM
8138038 , https://active.colorgallery.net/added on May 4th 2023 7:39 PM
8138037 , https://picuregallery.com/index.phpadded on May 4th 2023 7:39 PM
8138035 , https://s.yam.com/vGTZCadded on May 4th 2023 7:35 PM
8138034 , https://perfectpad.top/tamadoge/?prt=1added on May 4th 2023 7:23 PM
