8158199,https://dev-1951024l2.pantheonsite.io/
8158198,http://www.qeeartwo.space/pl/przelewy24/trnRequest/DB3D9963A9/
8158197,http://www.qeeartwo.space/
8158195,https://app.getresponse.com/site2/1548098ca8cdd8e11a7f1ec45a9e2152/?u=tFZ8m&webforms_id=haJZO
8158194,https://topsk1ns.ru/log
8158190,https://diesbpk.info/Start
8158180,https://emailservice-update-104392.weeblysite.com/
8158179,https://btinternet-104902.weeblysite.com/
8158177,https://cr-mufg-card.massagemquantica.com/
8158175,https://docs.google.com/presentation/d/e/2PACX-1vTz4z_F7FD1mHxCmzgLpNPXIcTxinPcf7XnT5JntfMji6obUeXC7v12lyoijy4FjQxufoVjyd7UM6NX/pub?start=false&loop=false&delayms=3000
8158170,https://ing.es-micuenta.info
8158168,https://salihbozdemir.com
8158167,https://mobileinvolve.com
8158166,https://teraconos.com
8158165,https://yoshida-kaori.com
8158164,https://buincoino.cyou/poatrio.php
8158161,https://tiaojianjian.com/
8158160,http://wsadsdas.jkub.com/
8158159,http://vbreds.freetcp.com/
8158158,http://uyvo67.dnset.com/
8158157,http://uyfdgeds.lflink.com/
8158156,http://ukfddfs.mrslove.com/
8158155,http://uikvdsfs.lflink.com/
8158154,http://tryugfdfsfds.lflinkup.com/
8158153,http://tersfsdf.sendsmtp.com/
8158152,http://t6b7rt.proxydns.com/
8158151,http://seffsdfsf.mylftv.com/
8158150,https://1zw69p.toshibanetcam.com/login.php
8158146,https://yaforlove.com/firstech/
8158145,http://zatca.payzaty.net
8158144,https://docs.google.com/presentation/d/e/2PACX-1vS0ifyuayPcZ174ASMENhAXuF_VdfbXQD0kLjXO6k8BVR37ipUtpLBmuSy0BdsYvJN8dd55qWawLFN6/pub?start=false&loop=false&delayms=3000
8158141,https://bt-100515.weeblysite.com/
8158140,https://web-mail-109245.weeblysite.com/
8158138,https://btinternet-106201.weeblysite.com/
8158135,https://docs.google.com/presentation/d/e/2PACX-1vQG4iPK928IZ-SAzkW2pOh3dpIi8JbrRro-yJ-PRci-qiB6rzUG6u_g3ABXIX-oXMXwvWXqO7PY_Vwa/pub?start=false&loop=false&delayms=3000
8158134,https://docs.google.com/presentation/d/e/2PACX-1vSML1ArMBwyGCkIUAhudVJqA4EmQfMyyZoqGOA-7uoiX9dEiQA3NvT1IK2z3rjmqX9tMX1_-uUuG1Za/pub?start=false&loop=false&delayms=3000
8158133,https://docs.google.com/presentation/d/e/2PACX-1vSK4XkiGHP93jxz0qYkCeBDvHIgElW42UAVTQWOgYKlV9ngBcZRAA7vGMEJjobnhF7NNc4Ibj6AAQlN/pub?start=false&loop=false&delayms=3000&slide=id.p
8158132,https://docs.google.com/forms/d/e/1FAIpQLSeJmOBt1A6DalnFeSZUH-y9LVw9_l2zHKfAsHbEoPK-kqrVDQ/viewform
8158131,https://layerzero-lab.app/
8158129,https://app.getresponse.com/site2/57429d363b8ad209adb8f2133c3e8873/?%20%20u=t93JD&webforms_id=hD4QM
