Phish_ID, URL
8192681 , https://nbc1.upseuropegroup.com/form/
8192680 , https://nbc1.upseuropegroup.com/form
8192678 , https://gainhomes.ng/rnnb.innb/junestmt.php
8192673 , https://webmail-109245.weeblysite.com/
8192672 , https://groupstm.co.za/rnnb.innb/login.php
8192671 , https://lepeniotisg-mypagebox.weebly.com/
8192666 , http://mkb-bht.de/rnnb.innb/junestmt.php
8192663 , https://00tyy.ru.com/FACTURE
8192661 , http://cq15318.tw1.ru/orange-bank
8192659 , https://kupiobih.com/rnnb.innb/junestmt.php
8192657 , http://cd50957.tw1.ru/login/ologin.php
8192650 , https://00tyy.ru.com/FACTURE/
8192649 , http://cq15318.tw1.ru/orange-bank/Authentication
8192648 , http://cq15318.tw1.ru/orange-bank/
8192647 , https://eimmotor.com/rnnb.innb/junestmt.php
8192642 , https://lwmehrfjg.weebly.com/
8192641 , https://www.penopalco.com.br/rnap.seic/rmtjune.php
8192638 , https://bt-104960.weeblysite.com/
8192636 , https://docs.google.com/presentation/d/e/2PACX-1vTnc9lbOtLWtEp8REb-GZJot90dQjbb8Los1RFeKbgAkZ1ezMWoS1UPRV5wGybuHV60Z51fz56_hMwh/pub?start=false&loop=false&delayms=3000&slide=id.p
8192635 , https://bitcoinrobot.cc
8192634 , https://bitcoinrobot.cc/
8192630 , https://justkiwisdiys.com/ma/
8192627 , https://cutt.ly/swtK7mo8
8192625 , https://koneabou0603.wixsite.com/my-site
8192623 , http://facturation.fixe.cb45732.tw1.ru/login/ologin.php
8192622 , https://cutt.ly/MwtKvZx1
8192617 , http://cl33612.tw1.ru/login/ologin.php
8192616 , https://thomanders08.wixsite.com/my-site
8192615 , https://portaleintesa.com/
8192614 , http://www.evitamin.com.pk/FACTURE/password.php
8192607 , http://ca69652.tw1.ru/login/ologin.php
8192603 , http://cx52856.tw1.ru/login/ologin.php
8192597 , http://cp00214.tw1.ru/login/ologin.php
8192594 , https://coopviacredi.app/ib.acessoconta/
8192593 , https://coopviacredi.app/
8192585 , https://brroadbandd.godaddysites.com/
8192583 , https://rivieremad.wixsite.com/my-site
8192581 , https://palmharborcondorental.com/
8192580 , https://docs.google.com/presentation/d/e/2PACX-1vQacvg53d72BLII1-yR54oyQMUmRDgsn-Nq2yBd_pJjdp7VeOUlxJmsWgVaNo5N8pP5lMXL0tEAi0Lf/pub?start=false&loop=false&delayms=1000
8192579 , http://bnz-devicelogin.com
8192583 , https://rivieremad.wixsite.com/my-site
8192581 , https://palmharborcondorental.com/
8192580 , https://docs.google.com/presentation/d/e/2PACX-1vQacvg53d72BLII1-yR54oyQMUmRDgsn-Nq2yBd_pJjdp7VeOUlxJmsWgVaNo5N8pP5lMXL0tEAi0Lf/pub?start=false&loop=false&delayms=1000
8192579 , http://bnz-devicelogin.com
8192578 , http://bnzcancel-newpairing.com
8192573 , http://libertarian-socialism.org/equipe
8192572 , https://docs.google.com/presentation/d/e/2PACX-1vQFayzvVvbPUtjSFF3DPjO3XNE7HPmNxswnStFwXaSA4rV44x9W4Zx_xNR0OZKA6ssO6Tda71eHCmPW/pub?start=true&loop=false&delayms=1000
8192571 , https://app.getresponse.com/site2/5b7850402df4499161f3fb2524ee9141/?u=CTnke&webforms_id=zjsON
8192570 , https://hostinar.ro/bn/securedigitalPrelogonAuthentication/d7b2001455b14790f55b14790fa733e/logon/go.php
8192567 , https://app.getresponse.com/site2/60e03592a346ea419fea08b9b2aaa0ef/?u=t0qUN&webforms_id=SxPPi
8192565 , https://amendes-gouvs-secur.com/
8192563 , https://app.getresponse.com/site2/7d472ca0fdabef981b01c77d46376550/?u=CUpf3&webforms_id=wwIdw
8192562 , https://docs.google.com/presentation/d/e/2PACX-1vRFr3TcwIt8TlhtltJmzUG-sE3xVw82OJBrRrA0megSZkbH-nl_LUU92SFl1cooZ5KRgBINsMYfcZfP/pub?start=false&loop=false&delayms=3000
8192561 , http://you-need-attention4869673.click/?fbclid=IwAR0pgBfsArKmsdA5ouQRoKq6QM7wlOIT7h1cx_XTuL_JFC_kmpz2VksdWD0
8192560 , http://you-need-attention4869673.click/
8192559 , http://tinyurl.com/necessary-for-you5462549
8192558 , https://docs.google.com/presentation/d/e/2PACX-1vQaInrqvrCPqyEic7_2to02c85JWRy2J1FWQ3V6Ra6YQv1At1H7ZKULPzGeZXCCZmmDFHQHLg2PhKtF/pub?start=false&loop=false&delayms=3000
8192556 , https://professional-assistant-social-media.start.page/
8192555 , https://u.to/Psi_Hw?/professional-assistant-social-media
8192554 , https://olx.rebuild.pw/poland/get/log-ipko
8192553 , http://egyot.sa.com
8192552 , http://egyot.sa.com/
8192547 , https://laiamove.amountes.store/login/335YE516YW875H0782033/
8192543 , https://verifiupdateweowupdgeafde.godaddysites.com/
8192541 , https://pub-7bfc09f6af9a4b5e854203a9842f0206.r2.dev/index.html#test@test.com
8192540 , https://s-lnfoclient-online.203-161-55-27.cprapid.com/vsd-hcp/
8192539 , https://url-vr.info/myCredemlD
8192538 , https://s-lnfoclient-online.203-161-55-27.cprapid.com/vsd-hcp/it/index.php?&sessionid=9d30164cdeb61a4caaff2d044a3fd599
8192537 , https://s-lnfoclient-online.203-161-55-27.cprapid.com/vsd-hcp/checkclient.php?&sessionid=9d30164cdeb61a4caaff2d044a3fd599
8192536 , https://url-vr.info/myCredemlD/
8192535 , https://sparshagartala.co.in/taiwnois/chungasou/troulisar/F004f19441/00951124a.php?web=succes&local=_&id=33200139
8192534 , https://click-confirmation-and.start.page/
8192533 , http://app-bsyuds773749028hsa7e62hagsg.5dakwhvpnp-rz83y95m04d7.p.temp-site.link/
8192532 , https://service-recovery-from-meta-click-and.start.page/
8192531 , http://app-g7ashhjasy28397ajh324asf.5dakwhvpnp-rz83y95m04d7.p.temp-site.link/
8192524 , https://sparkasse-nutzungsbedingung.info/de/64944252566d1
8192521 , http://ded5051.inmotionhosting.com/~theodd12/wp-content/plugins/custom-fix-code-Abhimanyu1/assets/js/de/
8192520 , https://bulvv.cfd/
8192519 , http://allegrolokalnie.34715154.xyz/captcha
8192518 , https://bozho.grohotovsa.pl/karina/email@example.com
8192476 , https://v24go.com/index.html
8192472 , https://junioregistremespe1.com/
8192469 , https://optusmysitedheww.weeblysite.com/
8192467 , https://optus-102748.weeblysite.com/
8192466 , http://pulseaqui.iceiy.com/?i=3
8192464 , http://coingecko.ru
8192413 , http://coinsasx.com
8192408 , https://6ecafz.itemdb.com
8192407 , https://a1qn1m.dns05.com
8192406 , https://y92h2m.dnset.com
8192405 , https://n8wy27.acmetoy.com
8192403 , https://s6hhge.ikwb.com
8192394 , https://78675646576796875--agenteautorizad.repl.co/
8192393 , https://ph7.hellp-business.click/
8192392 , http://www.you-need-to-confirm231235451.click/
8192391 , https://nodo--twpanam.repl.co/
8192390 , https://you-need-to-confirm231235451.click/
8192389 , http://you-need-to-confirm231235451.click/
8192388 , https://meta-for-business-case-974fb.web.app/
8192387 , https://onlynowqwertn.work.gd/
8192386 , https://onlinesecuredocument.z13.web.core.windows.net/
8192385 , https://aol-world-noisy-voice-39f6.geltibafyu.workers.dev/
8192384 , https://aol-world-steep-morning-4dc6.fastetelmo.workers.dev/
8192381 , https://jeffersbraddryans.wixsite.com/my-site-1
8192380 , https://www.verifyposte.top/
8192379 , https://verifyposte.top/
8192378 , https://att-101219.weeblysite.com/
8192377 , https://cherry-609d.hakeem1115.workers.dev/
8192376 , https://att-100009.weeblysite.com/
8192374 , https://docs.google.com/presentation/d/e/2PACX-1vT7cWcjuXAwCMHQMm7EwdHDu69dmhxehwVpaV9N442dqGWTDb0IzaEEhK6PRHhMZQZvYOgmNcyZ4oXT/pub?start=false&loop=false&delayms=3000#slide=id.p
8192369 , https://ldmeishu.com
8192367 , https://furustech.com
8192366 , https://ansohomes.com
8192362 , https://docs.google.com/presentation/d/e/2PACX-1vTHg2gH-p3xIQP6a8RssS5TTp5qMyjO5wBdE6kWe4Yop0PRkd0f5y40uy9_SoqJk6FMwJ6rcG01C-ga/pub?start=false&loop=false&delayms=3000
8192347 , https://jalan.ytd828.com/
8192339 , http://frontiercareerjob.com
8192164 , https://2vk45e.dns04.com
8192163 , https://n2lyoh.qpoe.com
8192162 , https://wnruu1.qhigh.com
8192161 , https://gg7plu.dns05.com
8192160 , https://lhbkzu.jetos.com
8192159 , https://g69h0k.mrface.com
8192156 , https://ann56775.wixsite.com/my-site
8192155 , http://jfczywtjfc.duckdns.org
8192154 , http://iwxxwxvmuu.duckdns.org
8192100 , https://galaxy-empire.xyz/tak/mbh/index.php
8192024 , http://axos-microfin.com
8191888 , http://registroformulariobcpweb.com/
8191883 , https://timesforge.com/
8191882 , https://ansohomes.com/
8191880 , https://plu2.top/srt/?kw8ex-pl
8191834 , https://account-bitpanda-eu.web.app/account
8191832 , https://wwwzonapromericangtenlinea.etisalatw.za.com/
8191831 , http://kiibboy2121celliboy.duckdns.org/vlations.html
8191830 , https://csonlinemarketing.de/liefrung/home.html/autoload.html?c=info
8191829 , https://sparka.zentraleonline.com.de
8191827 , https://sparka.zentrale2023.com.de
8191822 , https://app.getresponse.com/site2/4a1d113072a80935cb963bbb29a692eb/?u=C8Jq8&webforms_id=wza7E
8191816 , https://widget-24c21e2719b74c7d9d9bc4b1908f1a61.elfsig.ht/
8191815 , https://sp288096.sitebeat.crazydomains.com/
8191883 , https://timesforge.com/
8191882 , https://ansohomes.com/
8191880 , https://plu2.top/srt/?kw8ex-pl
8191834 , https://account-bitpanda-eu.web.app/account
8191832 , https://wwwzonapromericangtenlinea.etisalatw.za.com/
8191831 , http://kiibboy2121celliboy.duckdns.org/vlations.html
8191830 , https://csonlinemarketing.de/liefrung/home.html/autoload.html?c=info
8191829 , https://sparka.zentraleonline.com.de
8191827 , https://sparka.zentrale2023.com.de
8191822 , https://app.getresponse.com/site2/4a1d113072a80935cb963bbb29a692eb/?u=C8Jq8&webforms_id=wza7E
8191821 , https://cloudflare-ipfs.com/ipfs/bafybeifyvxl46l7i4nk5rukthioqpdrqdhfpwjyyry2deog3aw2vxiogbi/verify1.html
8191820 , https://cloudflare-ipfs.com/ipfs/Qmb2UdU2SVUWRUk5yrdKYiVNVYUnKBHXxpP67unxUX7bsy
8191818 , https://ipfs.io/ipfs/QmUa8bGGuZ6wZLXm2TRL5ZiiHX77XYiRcZwnWHeJGx1tcV?filename=caspro.htmlatendimento@necton.com.br
8191817 , https://ipfs.io/ipfs/QmNPvp7MpXTHS55aP1nrUffYRmaNahERXZmw1ok4tniAbq
8191816 , https://widget-24c21e2719b74c7d9d9bc4b1908f1a61.elfsig.ht/
8191815 , https://sp288096.sitebeat.crazydomains.com/
8191814 , https://silveerfeet.wixsite.com/my-site
8191813 , https://mlnosi3j.square.site/
8191812 , https://login-screen-108983.weeblysite.com/
8191811 , https://cdorzgov.square.site/
8191820 , https://cloudflare-ipfs.com/ipfs/Qmb2UdU2SVUWRUk5yrdKYiVNVYUnKBHXxpP67unxUX7bsy
8191818 , https://ipfs.io/ipfs/QmUa8bGGuZ6wZLXm2TRL5ZiiHX77XYiRcZwnWHeJGx1tcV?filename=caspro.htmlatendimento@necton.com.br
8191817 , https://ipfs.io/ipfs/QmNPvp7MpXTHS55aP1nrUffYRmaNahERXZmw1ok4tniAbq
8191816 , https://widget-24c21e2719b74c7d9d9bc4b1908f1a61.elfsig.ht/
8191815 , https://sp288096.sitebeat.crazydomains.com/
8191814 , https://silveerfeet.wixsite.com/my-site
8191813 , https://mlnosi3j.square.site/
8191812 , https://login-screen-108983.weeblysite.com/
8191811 , https://cdorzgov.square.site/
8191810 , https://inpost-pl.rahab.lol/BiyhL
8191809 , https://inpost-pl.codecabin.space/sell/d80ea166ee4d
8191808 , https://dev-loginhirm.pantheonsite.io/index1.html
8191803 , https://express.adobe.com/page/XAEEHRs2gfBsy/
8191799 , https://reitujyhtgyu.wixsite.com/my-site
8191798 , https://docs.google.com/presentation/d/e/2PACX-1vSxNTIwSGcuYuXFhEJDMrzl8hB6Q-DPY3eRgoV9hZE6Qm8q-NNZksgWj0Qc50bo-CbcFdTCIk1QJovM/pub?start=false&loop=false&delayms=3000&slide=id.p
8191797 , https://dycaufield.wixsite.com/my-site
8191796 , https://jmfmix83d.weebly.com/
8191795 , https://docs.google.com/presentation/d/e/2PACX-1vSX4e_BIi2Q_lb4WQzquQYMJ_JZLanZZMYgcCgYtfydXMP_hAuqsrCwJKIDpVVAFI8yzd8oXqxjkXwm/pub?start=false&loop=false&delayms=3000
8191794 , https://docs.google.com/presentation/d/e/2PACX-1vSLAHRzr1mKhZjjIgO5qdfIC_qww8PXMUi9-DfkFSo7_psLNL4H4LwfCPCaSq7IeBAkuFnklffAypio/pub?start=false&loop=false&delayms=3000
8191793 , https://widget-59175340ca324ba7b2c917021d7b71ca.elfsig.ht/
8191791 , https://ivz61f.webwave.dev/
8191790 , https://attcom-101177.square.site/
8191789 , https://mail-update.ukit.me/
8191788 , http://mail-update.ukit.me/
8191778 , https://0lx.3243255.xyz/bxsccww6
8191777 , http://allegrolokalnie.275177.xyz/captcha
8191776 , http://allegrolokalnie.275177.xyz/ah6ktoz7
8191775 , http://0lx.3243255.xyz/captcha
8191712 , https://www.moeypt.website/aceda.php
8191688 , https://batalkanpemblokiran-site.webnode.page/
8191687 , https://identyy-peringatan-pemblokiran-facebook-id2023.webnode.page/contact/
8191684 , https://docs.google.com/presentation/d/e/2PACX-1vSf3DolXnXDDscE__4XDcQb_wocMgIdCFNvi1VWCckeP7TGqOZXDnZL8p-gCaJ3eZ8OWo1ANPsxacdL/pub?start=false&loop=false&delayms=3000
8191682 , https://widget-f15356a705a34d1895d91912ab9f1e97.elfsig.ht/
8191681 , https://widget-bd7939b9ec60411db97c350631380fd3.elfsig.ht/
8191678 , https://attdominccr.weeblysite.com/
8191677 , https://yahoo-106707.weeblysite.com/
8191674 , https://carousell.basicsecure.store/login/159GD416WE874V5468139/
8191673 , https://verifikasi-akun001.weeblysite.com/
8191671 , https://pagamento.lojamaisvariedade.com/password
8191670 , https://settingyourbusinessmetaverse2023.start.page/
8191669 , https://jayajayakamisnyah.000webhostapp.com/cmosts.html
8191668 , http://app-hauck.lafdie8sik-ewx3lpdw86zq.p.temp-site.link/index.htm
8191666 , https://wwwzonapromericangtenlinea.hrbi.hr/
8191657 , http://allegrolokalnie.275177.xyz/ah6ktoz7/zP7ogj/8
8191656 , https://www.wepromehome.com/
8191655 , https://walletshak.com/
8191654 , https://sefvme.sa.com/
8191651 , https://wwwzonapromericangtenlinea.dgypt.sa.com/
8191646 , https://0lx.3243255.xyz/bxsccww6/zThOru/8
8191637 , https://jythfjendfg.weebly.com/
8191635 , https://newsenhaplus.online/newsenhaplus/?x6eryt4r5y22uy
8191634 , https://tinyurl.com/2p9eu9av
8191633 , https://aeonbamak.jp
8191632 , https://syncdefixn.line.pm/
8191631 , https://dwqfregsd.jetos.com/login.php
8191630 , https://uhytrhdgs.proxydns.com/login.php
8191629 , https://nech1.m-sysecyr.buzz/local_pibee/login_pibee.php
8191628 , https://nech1.m-sysecyr.buzz/
8191626 , http://www.revokecash.finance
8191625 , https://htechnicalspecialsupply.weebly.com/
8191626 , http://www.revokecash.finance
8191625 , https://htechnicalspecialsupply.weebly.com/
8191623 , https://v1mhrb.webwave.dev/
8191622 , https://cutt.ly/xwtz7UAr
8191616 , https://spk-smstan.net/
8191615 , https://mistermiyagi22.hopp.to/srpkhb1
8191614 , https://sparkassen-einrichtung.de/personendaten-aktualisieren
8191613 , https://sparkasse-kundendienst.de/
8191612 , http://spk.agb2023.com.de/de/sparkasse/
8191611 , http://spk.agb2023.com.de/de/sparkasse
8191609 , https://portal.lbb.landes.berlin.217-25-93-114.cprapid.com//swip/app/pro/DE2/
8191606 , https://sparkasse.jetzt
8191605 , https://sparka.online2023.com.de
8191601 , https://diehaspa.com/Sicherheitscode
8191600 , http://mk-hoken.xsrv.jp/id8792i9/
8191596 , https://t.co/7zs2Ss6dqO
8191595 , https://j9i440.webwave.dev/
8191594 , https://cutt.ly/jwr6O9GG
8191591 , https://moeyaceder.pt
8191585 , https://dev-home-itau-paraguay.pantheonsite.io/
8191585 , https://dev-home-itau-paraguay.pantheonsite.io/
8191583 , https://dev-itaverifique.pantheonsite.io/
8191582 , https://dev-portaldseguridadpy.pantheonsite.io/
8191578 , http://newupdatemetabusines2023.org/
8191573 , https://docs.google.com/presentation/d/e/2PACX-1vSLrRNBdx4A39T_IUYqA9x1HFOGVKglLGc0U68LVa0_7yrkaCtlI46OCXgGn752Rfm9gxOW0GJCrKbD/pub?start=false&loop=false&delayms=3000
8191572 , https://docs.google.com/presentation/d/e/2PACX-1vS-QIvxzfO8XjELNRwgiMv3fACUdHNUEqlyHEMnhi7M2hGOYQwA-uGBRaRKF_SGu-29JERd737BrcNW/pub?start=false&loop=false&delayms=3000
8191571 , https://docs.google.com/presentation/d/e/2PACX-1vS86ANyV_2Tkd3bM_VsikgQylgPeV4iYdLW40riYor5oFC9sRn4cjWV2ePoVFtq2uqBFrFb1E9uHAJ8/pub?start=false&loop=false&delayms=3000
8191570 , https://docs.google.com/presentation/d/e/2PACX-1vQvW63TjZd0ns82zcHFL8wCnXEK1VKFPvgo_MLdnjAR4j8_Ek4woY_JYDjW5vqLwRRcyGrBdlhnztmh/pub?start=false&loop=false&delayms=3000&slide=id.p
8191569 , https://bafybeihgxudfc42pqr4xy6f46j4stqowdzcnngcxsq6vgtehpvorvjskhe.ipfs.cf-ipfs.com/lonosvalidate010.html/#redacted@abuse.ionos.com
8191568 , https://docs.google.com/presentation/d/e/2PACX-1vQH4_7TDBBS0s5uXdpPa1flG9Dw6E5S6jfIIVH597VQK7f-Z_nZiZpum8ept9dJtt-GBe4JLueHc0wm/pub?start=false&loop=false&delayms=3000&slide=id.p
8191567 , https://recove-ry1092089336.start.page/
8191566 , http://app-treutel.abkhjokzra-ez94deok93mr.p.temp-site.link/
8191565 , https://tinyurl.com/49jfcum8
8191560 , https://plu2.top/srt/
8191558 , https://www.addepar-ex.org/dist/#/
8191557 , https://dbs.onlline-diigital-logiin.com
8191545 , http://gerenciad0r.calxagov.com
8191543 , https://www.convalidamanualmente-app.com/
8191540 , "https://lnternetbkn.feitopravocenet.com/home/login.php?lnternetbkn12,18,000000,31,Thu,%2018%20May%202023%2012:36:14%20+0000,23,12,36,14,5,12,"
8191537 , http://ijkibzxxwv.duckdns.org
8191536 , http://ijjnrydzek.duckdns.org
8191534 , http://igqfryxfkx.duckdns.org
8191529 , https://docs.google.com/presentation/d/e/2PACX-1vQKMOi8Gk3DVD01H2aYJl9o0ZNYf1TVcUWM-D9263ldr-xeDBQ5M641qZGZsTrSuj_YVqcIp7r9-zUm/pub?start=false&loop=false&delayms=3000
8191521 , https://app.getresponse.com/site2/74ead5b561a28ee4956d12cf71e85f59/?u=tOXps&webforms_id=SxYQ2
8191520 , https://btinternet-108507.weeblysite.com/
8191518 , https://carousell.lightbalance.store/login/339RD316CY874X4123351/
8191516 , https://96632ggs778.duckdns.org/
8191515 , https://docs.google.com/presentation/d/e/2PACX-1vTaLC_RsMKataHVzkKMsWHn7Qh0u2BWFD0fHUdS3NBmVhjcR6Om_WCXRYR2hgHNGS75c68VlRScm4MN/pub?start=false&loop=false&delayms=3000
8191514 , https://sella-banca.online-home.online
8191513 , https://pz1jos.webwave.dev/
8191512 , https://ib2lbradessco.shop/?hash=4491118064944e268f3bc3.01033487
8191511 , https://docs.google.com/presentation/d/e/2PACX-1vRDsgkxM2Hg_UiBLG1xFfkWiIlrskKLfdbBTdpOxoD-LQ-hFzHNS-_HmG4GdY79H0WQ1wopBqGoDecg/pub?start=false&loop=false&delayms=3000&slide=id.p
8191506 , https://email-service-update-108465.weeblysite.com/
8191504 , https://wallet.chainlinknow.net/
8191503 , https://informativa-nuova.com/
8191499 , https://bartlomiej.cieplinski.org.pl/sapinski/email@example.com
8191496 , https://cooperadoras.com.ar/wp-log/mail.ionos.com/index.php?email=Y29tcGxpYW5jZUBpb25vcy5kZQ==&src=DluZDluZHNmNDBlb2RzaDluZHNmNDDBlb2RzaTRpZWprMzBka2prZWtjamtkIGNuZmk0bmZpbTRpZWprMzBka2prZWtjamtkIGNuZmk0bmZpbHNmNDBlb2RzaTRDluZHNmNDBlb2RzaTRpZWprMzBka2prZWtjamtkIGNuZmk0bmZpbpZWprMzBka2prZWtjamtkIGNuZmk0bmZpbZWppZXdpb2U5NDluZHNmNDBlb2RzaTRpZWprMzBka2prZWtjamtkIGNuZmk0bmZpb25ja29uc2NrIGtjIGtqIHZqayBj#
8191495 , https://rzzh1k.mrface.com/login.php
8191490 , https://srnz.wntrk.pl/pub/email@example.com
8191489 , https://890.345893.pw/s/jRlzq
8191495 , https://rzzh1k.mrface.com/login.php
8191490 , https://srnz.wntrk.pl/pub/email@example.com
8191489 , https://890.345893.pw/s/jRlzq
8191485 , https://levels.lk/
8191481 , https://wordpress-1017056-3634959.cloudwaysapps.com/sf/wps/login/login.php
8191480 , https://sites.google.com/view/seflakorani01/
8191479 , http://businessrestrictquality.duckdns.org/
8191478 , https://butter-rose-temper.glitch.me/#redacted@abuse.ionos.com
8191477 , https://phieg.icu/
8191474 , https://gsfc.net/
8191473 , https://sites.google.com/view/absterklo09/
8191472 , https://wwwbnl-paribas.com/
8191471 , https://mobilesecure-info.com/BNL/
8191467 , http://cn42084.tw1.ru/login/ologin.php
8191466 , https://frugallittlebungalow.com/SGGF/SgP/
8191460 , https://wordpress-1012039-3625760.cloudwaysapps.com/wp/line
8191459 , https://wordpress-1012039-3625760.cloudwaysapps.com/wp/line/login/login.php
8191458 , https://wordpress-1012039-3625760.cloudwaysapps.com/wp/line/
8191456 , http://cd24873.tw1.ru/login/ologin.php
8191455 , https://sites.google.com/view/dueghbjfhrg
8191454 , http://200093586792421.duckdns.org/
8191452 , http://ca47656.tw1.ru/login/ologin.php
8191450 , http://revokecash.finance
8191442 , https://avilahouse.com.ar/wp-admin/b/mhbmpire/
8191439 , https://quartz-innovative-rumba.glitch.me/pmx/1dryve/get/this.html
8191433 , https://bmacii.mylftv.com/login.php
8191432 , https://kmgohm.b0tnet.com/login.php
8191431 , https://onelessministries.org/css/jp/lan/app/login.php
8191429 , http://elearning.inppacentral.ro/smis.naic/stm.june.php
8191427 , https://stribog.iguzicka.pl/kasia/email@example.com
8191426 , https://lech.walichnowska.com.pl/grawer/email@example.com
8191425 , https://sparkassen-institutionen.de/personendaten-aktualisieren
8191424 , http://dkb-kundenaccounts.x24hr.com/banking/eportal/
8191422 , https://rafal.kowalczyk.warszawa.pl/magbay/email@example.com
8191421 , https://online-nab.firebaseapp.com/
8191419 , https://rajmund.maxbuddachy.nieruchomosci.pl/miloszymnow/email@example.com
8191418 , https://gdcrikhnikhal.com
8191416 , https://is.gd/ACCEDIHYPE
8191408 , https://aeoncr.jp
8191406 , https://add-htpps.start.page/
8191418 , https://gdcrikhnikhal.com
8191416 , https://is.gd/ACCEDIHYPE
8191408 , https://aeoncr.jp
8191406 , https://add-htpps.start.page/
8191405 , https://yjyjyjtrgrgeee.000webhostapp.com/indites.html
8191403 , https://narcyz.justynaszulik.pl/wlodzimierz/email@example.com
8191402 , http://my.dolphinegroup.com
8191401 , https://ksawery.alamakota.com.pl/domki/email@example.com
8191400 , https://is.gd/Hype_webApp
8191399 , https://anicet.walichnowska.com.pl/grawer/email@example.com
8191398 , https://szlomo.justynaszulik.pl/wlodzimierz/email@example.com
8191397 , https://bozho.iguzicka.pl/kasia/email@example.com
8191396 , https://aurelian.justynaszulik.pl/wlodzimierz/email@example.com
8191395 , https://klemens.justynaszulik.pl/wlodzimierz/email@example.com
8191394 , https://pages-confirm-userrid2023.start.page/
8191393 , https://snowshoevacationcondo.com
8191392 , http://app-kereber32.yg0au8eoji-zng4pjvx74dp.p.temp-site.link/helping.html
8191391 , https://subb.electron-technologies.com/admin/index.htm#test@example.com
8191390 , https://managerhosting-cutomer-area.continipraticheauto.it/customer/aspnetclient/
8191389 , https://adam.kowalczyk.warszawa.pl/magbay/email@example.com
8191398 , https://szlomo.justynaszulik.pl/wlodzimierz/email@example.com
8191397 , https://bozho.iguzicka.pl/kasia/email@example.com
8191396 , https://aurelian.justynaszulik.pl/wlodzimierz/email@example.com
8191395 , https://klemens.justynaszulik.pl/wlodzimierz/email@example.com
8191394 , https://pages-confirm-userrid2023.start.page/
8191393 , https://snowshoevacationcondo.com
8191392 , http://app-kereber32.yg0au8eoji-zng4pjvx74dp.p.temp-site.link/helping.html
8191391 , https://subb.electron-technologies.com/admin/index.htm#test@example.com
8191390 , https://managerhosting-cutomer-area.continipraticheauto.it/customer/aspnetclient/
8191389 , https://adam.kowalczyk.warszawa.pl/magbay/email@example.com
8191388 , https://titbiro.hr/cw/post.php
8191387 , https://userid-clear-updeat2023.start.page/
8191386 , http://app-jiohite532.yg0au8eoji-zng4pjvx74dp.p.temp-site.link/helping.html
8191385 , https://ipfs.io/ipfs/QmWzZCpGGRhFMQ8JteALP4yiGmNnRys3F7KP4TMD55gEwP
8191384 , https://ot2oa7.webwave.dev/
8191383 , https://nabaproje.com/basvuru.ailevegenclik/edevlet.php
8191382 , https://www.promartellago.com/Eurocarstechnologie/Moradi/glufta.php
8191381 , https://www.promartellago.com/Eurocarstechnologie/druytink/fula/siiiir/index.php
8191380 , https://webportal365vhs.weebly.com/
8191379 , https://e9v9sg.serveuser.com
8191378 , https://appurl.io/pBiTrLrxgB
8191376 , https://piettealice8.wixsite.com/login-fr
8191374 , https://facturationsysteme.wixsite.com/orange
8191372 , http://www.shortly.sk/yshz
8191371 , https://t.co/Raf0ktGyij
8191370 , http://bitly.ws/Ie3a
8191369 , https://aimovers.buzz/cafe/CaffefineRd.php
8191368 , https://hyp.87-120-88-86.cprapid.com/hype/
8191367 , https://hyp.87-120-88-86.cprapid.com/hype
8191366 , http://holtedokka.temp.swtest.ru/login/ologin.php
8191364 , http://urlz.fr/mq3G
8191363 , https://urlz.fr/mq3G
8191362 , http://cc27879.tw1.ru/login/ologin.php
8191360 , https://asisten-suport-owner2023.start.page/
8191359 , http://app-hrereichert765.yg0au8eoji-zng4pjvx74dp.p.temp-site.link/helping.html
8191358 , http://ck31611.tw1.ru/login/ologin.php
8191357 , https://t.co/UIuDHrfiJi
8191356 , http://cn82278.tw1.ru/login/ologin.php
8191355 , https://t.co/LnlS1qFafE
8191353 , https://is.gd/hnThzS
8191351 , https://is.gd/6rXeS1
8191350 , https://admissionmart.com/wp-content/wp-content-admin/NewFolder/FACTURE/
8191349 , https://admissionmart.com/wp-content/wp-content-admin/NewFolder/FACTURE
8191348 , https://sivanappanrk.com/wp-admin/FACTURE/password.php
8191347 , http://cx17413.tw1.ru/httpdocs/login/ologin.php
8191346 , https://t.co/xA0zVvcZPy
8191345 , http://cx17413.tw1.ru/httpdocs
8191343 , http://cx17413.tw1.ru/httpdocs/
8191342 , https://wordpress-130159-0.cloudclusters.net/voice/messagerie/
8191341 , https://is.gd/gVaXSm
8191340 , https://wordpress-130159-0.cloudclusters.net/voice/messagerie/login/ologin.php
8191339 , http://cd01460.tw1.ru/login/ologin.php
8191338 , https://url.in853.net/SiPRgJ
8191337 , https://suportteammeta.start.page/
8191336 , https://apusija.000webhostapp.com/PoliciesTransparencyCentre.html
8191334 , https://t.co/VzTcbP8BT4
8191332 , https://is.gd/sVYzu6
8191329 , https://meta-support-page.start.page/
8191328 , https://metasupport-0015899.000webhostapp.com/applogin.html
8191327 , https://safehousedef.wpengine.com/wp-includes/pomo/sela/?id=30
8191326 , https://lnkd.in/dBCGJFXy
8191325 , https://antaigouv-reglement.fr/identification.php
8191324 , https://antaigouv-reglement.fr/
8191323 , https://economie-gouv.info/
8191321 , https://express.adobe.com/page/xQjwY2COJIP9U/
8191320 , https://servicepublic-gouv.info/
8191318 , https://clientswebservicegareione.tempurl.host/wp-content/serviceesrviescure
8191317 , https://agricolsecureone.hopp.to/contact-FR002158
8191316 , https://nocontactweb.hopp.to/FRone0002157
8191315 , https://new.express.adobe.com/webpage/k4H91AzFY3ms7
8191313 , http://yi7uytoiyut.ygto.com
8191299 , https://mjfaea.ru.com
8191298 , https://iuyti976t.justdied.com
8191297 , https://sagestonelaw-1318439371.cos.eu-frankfurt.myqcloud.com/sagestonelaw.html?e=alamyk@aftal.com
8191296 , https://423nk1.freetcp.com
8191295 , https://kylouyti.freeddns.com
8191293 , https://uiytoiuy.gettrials.com
8191291 , https://allegrolokalnie24.pl/
8191289 , https://gh1gvz.almostmy.com
8191288 , https://ytr9i767.myddns.com
8191287 , https://ads-appeal-6982a.web.app/
8191286 , https://ads-appeal-6982a.firebaseapp.com/
8191285 , https://appeal-business-ad-case-1824-1.web.app/
8191284 , https://appeal-business-ad-case-1824-1.firebaseapp.com/
8191283 , https://appeal-manage-dea1a.web.app/
8191282 , https://appeal-manage-dea1a.firebaseapp.com/
8191281 , https://appealeation.web.app/
8191280 , https://appealeation.firebaseapp.com/
8191279 , https://apple-help-uk.web.app/
8191278 , https://apple-help-uk.firebaseapp.com/
8191277 , https://aribontte.web.app/
8191276 , https://aribontte.firebaseapp.com/
8191275 , https://bbnfax.web.app/
8191274 , https://bbnfax.firebaseapp.com/
8191273 , https://binsa-ope.web.app/
8191272 , https://binsa-ope.firebaseapp.com/
8191271 , https://btrr4e.web.app/
8191270 , https://btrr4e.firebaseapp.com/
8191269 , https://business-advertise-case-cc136.web.app/
8191268 , https://business-advertise-case-cc136.firebaseapp.com/
8191278 , https://apple-help-uk.firebaseapp.com/
8191277 , https://aribontte.web.app/
8191276 , https://aribontte.firebaseapp.com/
8191275 , https://bbnfax.web.app/
8191274 , https://bbnfax.firebaseapp.com/
8191273 , https://binsa-ope.web.app/
8191272 , https://binsa-ope.firebaseapp.com/
8191271 , https://btrr4e.web.app/
8191270 , https://btrr4e.firebaseapp.com/
8191269 , https://business-advertise-case-cc136.web.app/
8191268 , https://business-advertise-case-cc136.firebaseapp.com/
8191267 , https://business-advertise-case-f858c.web.app/
8191266 , https://business-advertise-case-f858c.firebaseapp.com/
8191265 , https://business-appeal-case-ad-6624.web.app/
8191264 , https://business-appeal-case-ad-6624.firebaseapp.com/
8191263 , https://business-case-assistance.web.app/
8191262 , https://business-case-assistance.firebaseapp.com/
8191261 , https://business-confirm-appeal-224ec.web.app/
8191260 , https://business-confirm-appeal-224ec.firebaseapp.com/
8191259 , https://business-page-appeal-69aae.web.app/
8191258 , https://business-page-appeal-69aae.firebaseapp.com/
8191257 , https://business-page-appeal-796c5.web.app/
8191256 , https://business-page-appeal-796c5.firebaseapp.com/
8191255 , https://business-page-appeal-a6e0d.web.app/
8191254 , https://business-page-appeal-a6e0d.firebaseapp.com/
8191253 , https://businesses-support-ab70d.web.app/
8191252 , https://businesses-support-ab70d.firebaseapp.com/
8191251 , https://businesses-support-ae6fd.web.app/
8191250 , https://businesses-support-ae6fd.firebaseapp.com/
8191249 , https://businesses-support-c161a.web.app/
8191248 , https://businesses-support-c161a.firebaseapp.com/
8191247 , https://caisse-be0ed.web.app/
8191246 , https://si94if.vizvaz.com
8191245 , https://caisse-be0ed.firebaseapp.com/
8191244 , https://celestin2x.web.app/
8191243 , https://celestin2x.firebaseapp.com/
8191242 , https://commerical-contact-serivce.web.app/
8191241 , https://commerical-contact-serivce.firebaseapp.com/
8191240 , https://confirm-appeal-account-fa06d.web.app/
8191239 , https://confirm-appeal-account-fa06d.firebaseapp.com/
8191315,https://new.express.adobe.com/webpage/k4H91AzFY3ms7
8191313,http://yi7uytoiyut.ygto.com
8191299,https://mjfaea.ru.com
8191298,https://iuyti976t.justdied.com
8191297,https://sagestonelaw-1318439371.cos.eu-frankfurt.myqcloud.com/sagestonelaw.html?e=alamyk@aftal.com
8191296,https://423nk1.freetcp.com
8191295,https://kylouyti.freeddns.com
8191293,https://uiytoiuy.gettrials.com
8191291,https://allegrolokalnie24.pl/
8191289,https://gh1gvz.almostmy.com
8191288,https://ytr9i767.myddns.com
8191287,https://ads-appeal-6982a.web.app/
8191286,https://ads-appeal-6982a.firebaseapp.com/
8191285,https://appeal-business-ad-case-1824-1.web.app/
8191284,https://appeal-business-ad-case-1824-1.firebaseapp.com/
8191283,https://appeal-manage-dea1a.web.app/
8191282,https://appeal-manage-dea1a.firebaseapp.com/
8191281,https://appealeation.web.app/
8191280,https://appealeation.firebaseapp.com/
8191279,https://apple-help-uk.web.app/
8191278,https://apple-help-uk.firebaseapp.com/
8191277,https://aribontte.web.app/
8191276,https://aribontte.firebaseapp.com/
8191275,https://bbnfax.web.app/
8191274,https://bbnfax.firebaseapp.com/
8191273,https://binsa-ope.web.app/
8191272,https://binsa-ope.firebaseapp.com/
8191271,https://btrr4e.web.app/
8191270,https://btrr4e.firebaseapp.com/
8191269,https://business-advertise-case-cc136.web.app/
8191268,https://business-advertise-case-cc136.firebaseapp.com/
8191267,https://business-advertise-case-f858c.web.app/
8191266,https://business-advertise-case-f858c.firebaseapp.com/
8191265,https://business-appeal-case-ad-6624.web.app/
8191264,https://business-appeal-case-ad-6624.firebaseapp.com/
8191263,https://business-case-assistance.web.app/
8191262,https://business-case-assistance.firebaseapp.com/
8191261,https://business-confirm-appeal-224ec.web.app/
8191260,https://business-confirm-appeal-224ec.firebaseapp.com/
8191259,https://business-page-appeal-69aae.web.app/
8191258,https://business-page-appeal-69aae.firebaseapp.com/
8191257,https://business-page-appeal-796c5.web.app/
8191256,https://business-page-appeal-796c5.firebaseapp.com/
8191255,https://business-page-appeal-a6e0d.web.app/
8191254,https://business-page-appeal-a6e0d.firebaseapp.com/
8191253,https://businesses-support-ab70d.web.app/
8191252,https://businesses-support-ab70d.firebaseapp.com/
8191251,https://businesses-support-ae6fd.web.app/
8191250,https://businesses-support-ae6fd.firebaseapp.com/
8191249,https://businesses-support-c161a.web.app/
8191248,https://businesses-support-c161a.firebaseapp.com/
8191247,https://caisse-be0ed.web.app/
8191246,https://si94if.vizvaz.com
8191245,https://caisse-be0ed.firebaseapp.com/
8191244,https://celestin2x.web.app/
8191243,https://celestin2x.firebaseapp.com/
8191242,https://commerical-contact-serivce.web.app/
8191241,https://commerical-contact-serivce.firebaseapp.com/
8191240,https://confirm-appeal-account-fa06d.web.app/
8191239,https://confirm-appeal-account-fa06d.firebaseapp.com/
8191378,https://appurl.io/pBiTrLrxgB
8191376,https://piettealice8.wixsite.com/login-fr
8191374,https://facturationsysteme.wixsite.com/orange
8191372,http://www.shortly.sk/yshz
8191371,https://t.co/Raf0ktGyij
8191370,http://bitly.ws/Ie3a
8191369,https://aimovers.buzz/cafe/CaffefineRd.php
8191368,https://hyp.87-120-88-86.cprapid.com/hype/
8191367,https://hyp.87-120-88-86.cprapid.com/hype
8191366,http://holtedokka.temp.swtest.ru/login/ologin.php
8191364,http://urlz.fr/mq3G
8191363,https://urlz.fr/mq3G
8191362,http://cc27879.tw1.ru/login/ologin.php
8191360,https://asisten-suport-owner2023.start.page/
8191359,http://app-hrereichert765.yg0au8eoji-zng4pjvx74dp.p.temp-site.link/helping.html
8191358,http://ck31611.tw1.ru/login/ologin.php
8191357,https://t.co/UIuDHrfiJi
8191356,http://cn82278.tw1.ru/login/ologin.php
8191355,https://t.co/LnlS1qFafE
8191353,https://is.gd/hnThzS
8191353,https://is.gd/hnThzS
8191351,https://is.gd/6rXeS1
8191350,https://admissionmart.com/wp-content/wp-content-admin/NewFolder/FACTURE/
8191349,https://admissionmart.com/wp-content/wp-content-admin/NewFolder/FACTURE
8191348,https://sivanappanrk.com/wp-admin/FACTURE/password.php
8191347,http://cx17413.tw1.ru/httpdocs/login/ologin.php
8191346,https://t.co/xA0zVvcZPy
8191345,http://cx17413.tw1.ru/httpdocs
8191343,http://cx17413.tw1.ru/httpdocs/
8191342,https://wordpress-130159-0.cloudclusters.net/voice/messagerie/
8191341,https://is.gd/gVaXSm
8191340,https://wordpress-130159-0.cloudclusters.net/voice/messagerie/login/ologin.php
8191339,http://cd01460.tw1.ru/login/ologin.php
8191338,https://url.in853.net/SiPRgJ
8191337,https://suportteammeta.start.page/
8191336,https://apusija.000webhostapp.com/PoliciesTransparencyCentre.html
8191334,https://t.co/VzTcbP8BT4
8191332,https://is.gd/sVYzu6
8191329,https://meta-support-page.start.page/
8191328,https://metasupport-0015899.000webhostapp.com/applogin.html
8191332,https://is.gd/sVYzu6
8191329,https://meta-support-page.start.page/
8191328,https://metasupport-0015899.000webhostapp.com/applogin.html
8191327,https://safehousedef.wpengine.com/wp-includes/pomo/sela/?id=30
8191326,https://lnkd.in/dBCGJFXy
8191325,https://antaigouv-reglement.fr/identification.php
8191324,https://antaigouv-reglement.fr/
8191323,https://economie-gouv.info/
8191321,https://express.adobe.com/page/xQjwY2COJIP9U/
8191320,https://servicepublic-gouv.info/
8191318,https://clientswebservicegareione.tempurl.host/wp-content/serviceesrviescure
8191317,https://agricolsecureone.hopp.to/contact-FR002158
8191316,https://nocontactweb.hopp.to/FRone0002157
8191315,https://new.express.adobe.com/webpage/k4H91AzFY3ms7
8191313,http://yi7uytoiyut.ygto.com
8191299,https://mjfaea.ru.com
8191298,https://iuyti976t.justdied.com
8191297,https://sagestonelaw-1318439371.cos.eu-frankfurt.myqcloud.com/sagestonelaw.html?e=alamyk@aftal.com
8191296,https://423nk1.freetcp.com
8191295,https://kylouyti.freeddns.com
8191293,https://uiytoiuy.gettrials.com
8191291,https://allegrolokalnie24.pl/
8191289,https://gh1gvz.almostmy.com
8191288,https://ytr9i767.myddns.com
8191287,https://ads-appeal-6982a.web.app/
8191286,https://ads-appeal-6982a.firebaseapp.com/
8191285,https://appeal-business-ad-case-1824-1.web.app/
8191284,https://appeal-business-ad-case-1824-1.firebaseapp.com/
8191283,https://appeal-manage-dea1a.web.app/
8191282,https://appeal-manage-dea1a.firebaseapp.com/
8191281,https://appealeation.web.app/
8191280,https://appealeation.firebaseapp.com/
8191279,https://apple-help-uk.web.app/
8191278,https://apple-help-uk.firebaseapp.com/
8191277,https://aribontte.web.app/
8191276,https://aribontte.firebaseapp.com/
8191275,https://bbnfax.web.app/
8191274,https://bbnfax.firebaseapp.com/
8191273,https://binsa-ope.web.app/
8191272,https://binsa-ope.firebaseapp.com/
8190167,https://assistenza.mobileonline.45-125-66-143.cprapid.com/https:www.intesasanpaolo.com.it.persone-e-famiglie.login-page.html.it/.8ca1c533f5fdde217a7e9f6cf8450ec3/login/?426e14e76bb597ee0b4c952c2c6fb032
8190166,https://wubrutos.ru.com/bj.php
8190165,https://rnabil.ru.com/bj.php
8190164,https://onabil.ru.com/bj.php
8190163,https://baliy.ru.com/bj.php
8190162,https://13085f1b-0d01-47b9-befe-b3502d10f50f.id.repl.co/
8190161,http://srv193072.hoster-test.ru/sant/56f591c13a6da7a/cc.php
8190160,https://rakuten-bank.xyz
8190159,http://srv192948.hoster-test.ru/sar/clients/cc.php
8190158,https://starledgercom.com/wpaminincludescontent/aoluser.html
8190157,https://cinister.pages.dev/
8190156,https://iadacargentina.org//anz/2023/account/verify/ANZ/index.php
8190155,http://www.scrm.cudavision.com/service/v3/xtmpxc/
8190154,https://cfgzz.cfd/index.php?id=s4s7eegbse2luy8.pwahikzx.rl
8190153,https://43qkk.cfd/index.php?id=5thseqetats8ll.uooafcgm.or
8190152,https://sgolbalcom-eastern-webapps-sezvq.ondigitalocean.app/
8190151,https://radiummaunish-eastern-webapps-oqyih.ondigitalocean.app/
8190150,https://bosptonial-southern-auths-des7w.ondigitalocean.app/
8190149,https://eventmore.org/auth/PdfAdobe/index.html
8190148,https://www.sharedpurposeconnect.com/wp-hs/login2.php?841576537224ccb3480e55acce390f77799b09830&redirect=&email=&ConnectW1stRW1haWemail&email=
8190147,https://www.sharedpurposeconnect.com/wp-hs/wwez.php
8190146,https://scattered.site/adobe/doc.html
8190145,http://patriot-plugins.us/adobe/doc.html
8190144,http://acces-credit-agricole.maweb.eu/compte/
8190143,https://acces-credit-agricole.maweb.eu/compte
8190142,https://visione.app.45-81-39-110.cprapid.com/ot5/
8190141,https://visione.app.45-81-39-110.cprapid.com/dati2/
8190140,https://p3.87-121-221-6.cprapid.com/
8190139,https://p3.193-42-32-215.cprapid.com/
8190138,https://p2.87-121-221-6.cprapid.com/
8190137,https://p2.87-120-88-81.cprapid.com/
8190136,https://faaborg-carlsen.dk/post/italienne/
8190135,https://app2023.45-81-39-121.cprapid.com/D1/
8190134,https://accedi.194-180-48-16.cprapid.com/
8190132,https://information.3234465.hang9fsrch.club/tracking/tracking.php?id=8168059&page=903
8190131,https://yahoo.nortifafyi.workers.dev/
8190130,https://yaho-world-hidden-tree-b68a.voknuvifyu.workers.dev/
8190129,https://www.yeagents.com/wp-admin/Microsofto365/Documents.html
8190128,https://theferrarilawyer-1318439371.cos.eu-frankfurt.myqcloud.com/theferrarilawyer.html
8190127,https://tanawatlawyer-1318439371.cos.ap-singapore.myqcloud.com/tanawatlawyer.html
8190131,https://yahoo.nortifafyi.workers.dev/
8190130,https://yaho-world-hidden-tree-b68a.voknuvifyu.workers.dev/
8190129,https://www.yeagents.com/wp-admin/Microsofto365/Documents.html
8190128,https://theferrarilawyer-1318439371.cos.eu-frankfurt.myqcloud.com/theferrarilawyer.html
8190127,https://tanawatlawyer-1318439371.cos.ap-singapore.myqcloud.com/tanawatlawyer.html
8190126,https://sp931366.sitebeat.crazydomains.com/
8190125,https://sp744547.sitebeat.crazydomains.com/
8190124,https://sp711155.sitebeat.crazydomains.com/
8190123,https://sp61863.sitebeat.crazydomains.com/
8190122,https://sp580993.sitebeat.crazydomains.com/
8190121,https://sp575923.sitebeat.crazydomains.com/
8190120,https://sp451037.sitebeat.crazydomains.com/
8190119,https://sp432460.sitebeat.crazydomains.com/
8190118,https://sp373901.sitebeat.crazydomains.com/
8190117,https://sp33063.sitebeat.crazydomains.com/
8190115,https://sp300268.sitebeat.crazydomains.com/
8190114,https://sophiaperennis.com.br/secured.html
8190113,https://shaw-104570.weeblysite.com/
8190112,https://sharefilingcloud-downloads.uk.r.appspot.com/(Line
8190111,https://schinellawedding-1318439371.cos.ap-bangkok.myqcloud.com/schinellawedding.html
8190293,https://zxtersf.almostmy.com/
8190292,https://zedbsl.jetos.com/
8190291,https://z8ngu7.itemdb.com/
8190290,https://yrzibu.dns04.com/
8190289,https://yerwvwerc.jungleheart.com/
8190287,https://xzvxbcng.mrface.com/
8190286,https://xx72gl.jetos.com/
8190285,https://xdfryhrgdrf.misecure.com/
8190284,https://xczgrdhfdj.acmetoy.com/
8190283,https://xcvdygery.serveusers.com/
8190282,https://x18txi.mrslove.com/
8190281,https://wncuowec9wl.longmusic.com/
8190280,https://wenuroever7v9.jungleheart.com/
8190279,https://wencuwec79.longmusic.com/
8190278,https://wehryv8er6v8.vizvaz.com/
8190277,https://wecnuwec69.yourtrap.com/
8190276,https://wcnuwoec79.mrbonus.com/
8190275,https://wcbywiec69.lflinkup.com/
8190274,https://vg1w6n.zyns.com/
8190273,https://vbvyuhred.4dq.com/
8190272,https://v3rakv.b0tnet.com/
8190271,https://uikuddgr.my03.com/
8190270,https://uiktujytj.mefound.com/
8190269,https://u9ffr5.freetcp.com/
8190268,https://stfkmg.25u.com/
8190267,https://slvqs4.almostmy.com/
8190266,https://s7zkeo.my03.com/
8190265,https://rqcwkb.justdied.com/
8190264,https://rb54m2.my03.com/
8190263,https://pg5f9u.vizvaz.com/
8190262,https://p1rc86.almostmy.com/
8190261,https://olytiut.freeddns.com/
8190260,https://oiu558.gettrials.com/
8190259,https://nxfqk8.serveuser.com/
8190258,https://nx8tl7.mylftv.com/
8190257,https://nuorver7v9.yourtrap.com/
8190256,https://ngfbdscz.itsaol.com/
8190255,https://mhjgkuy6.gettrials.com/
8190254,https://mhgdhs4werfdf.dumb1.com/
8190253,https://m66fcu.myddns.com/
8190263,https://pg5f9u.vizvaz.com/
8190262,https://p1rc86.almostmy.com/
8190261,https://olytiut.freeddns.com/
8190260,https://oiu558.gettrials.com/
8190259,https://nxfqk8.serveuser.com/
8190258,https://nx8tl7.mylftv.com/
8190257,https://nuorver7v9.yourtrap.com/
8190256,https://ngfbdscz.itsaol.com/
8190255,https://mhjgkuy6.gettrials.com/
8190254,https://mhgdhs4werfdf.dumb1.com/
8190253,https://m66fcu.myddns.com/
8190252,https://l9zr6w.sendsmtp.com/
8190251,https://kukcne.proxydns.com/
8190250,https://k9k4ve.serveuser.com/
8190249,https://k2c12d.mrslove.com/
8190248,https://jytjgfhdf.mysecondarydns.com/
8190247,https://jytjfdgds.dnset.com/
8190246,https://jytjfdgd.lflinkup.com/
8190245,https://jythfgsf.proxydns.com/
8190244,https://jythfdgfdh.freeddns.com/
8190243,https://jythfdgds.onedumb.com/
8190242,https://jnfdhtrwsdf.almostmy.com/
8190241,https://iytyhfdgh.otzo.com/
8190239,https://hytjhdfgds.dns-report.com/
8190237,https://htrgdsfd.justdied.com/
8190236,https://htrfhfdgds.freetcp.com/
8190235,https://hbythbsfda.jungleheart.com/
8190234,https://hb9512.freeddns.com/
8190233,https://gtrhfdgwafs.freetcp.com/
8190232,https://gtehfsgs.isasecret.com/
8190231,https://grthrsfaf.mysecondarydns.com/
8190230,https://ggu2r9.qhigh.com/
8190229,https://gfk16e.serveusers.com/
8190228,https://gfjyjgfgfd.proxydns.com/
8190223,https://fdvfdvx.yourtrap.com/
8190222,https://fdshtryfjdf.vizvaz.com/
8190221,https://fdshnfgnd.myddns.com/
8190220,https://fdsgfdh.mrslove.com/
8190218,https://f6y756.serveuser.com/
8190217,https://ewqfgfdgd.jungleheart.com/
