Phish_ID,URL
8193132,https://www.sbi.mx/page/41/786/scotiabank-bankingweb.html
8183182,https://login.aruba.it/auth/realms/pec/protocol/openid-connect/auth?client_id=pec-gestionemail&redirect_uri=https://gestionemail.pec.aruba.it/titolare/index&state=648d7686109d55.73808773&response_type=code&scope=openid
8183181,http://gestionemail.pec.aruba.it
8183180,https://login.aruba.it/auth/realms/pec/protocol/openid-connect/auth?client_id=pec-gestionemail&redirect_uri=https://gestionemail.pec.aruba.it/titolare/index&state=648d7640b9c0d2.77494707&response_type=code&scope=openid
8182755,PLEASE-DO-NOT-SUBMIT-EMAIL-ADDRESS-AS-PHISH-URL
8181738,https://www.cloudflare.com/
8178135,"https://fonts.googleapis.com/css?family=Noticia+Text:400,400i,700,700i"
8176105,https://www.jb-honshi.co.jp/customer_index/
8172043,http://www.ebas.ch/phishing
8172024,https://www.ebas.ch/phishing
8172018,https://www.ebas.ch/phishing/
8172017,https://www.ebas.ch/index.php?page_id=817
8169364,https://href.li/?https://online.lloydsbank.co.uk/personal/logon/login.jsp
8167606,https://wns.e-learningportal.com/
8167605,http://wns.e-learningportal.com
8166574,https://express.adobe.com
8165181,https://www.bancofalabella.com.co/page/cashback-falabella-junio?utm_source=mail&utm_medium=cashback&utm_campaign=Mail_Jn_cashaback&utm_content=
8165180,https://bit.ly/42kpJWX
8165179,https://www.bancofalabella.com.co/page/3-retiros-gratis
8163193,http://www.paypal-merchant.com/
8162191,https://www.postfinance.ch/ap/ba/ob/html/finance/home?login
8160017,https://urlscan.io/result/e6cb5bed-fa87-4317-bfc3-4d21f13025ef/
8156856,https://www.mercadopago.com.br/
8156512,https://onedrive.live.com/about/es-us-signin/
8156506,http://url.zp.edu.ua/
8156398,https://bitflyer.com/en-us/
8153634,https://phishtank.org/phish_detail.php?phish_id=8153631
8152643,https://polo.feathr.co/v1/analytics/crumb?flvr=email_link_click&t_id=6356b996c1fccc23a0986068&crv_id=6463f2e263e449c697f8129f&p_id=63f8eb47f677980531c7036d&cpn_id=6351a37c0a37531d83bf8948&rdr=http://vse.cz.ozihhb.dezmembrari-prahova.ro?cG9sZWtAdnNlLmN6
8150265,https://quttera.com/
8150264,http://www.quttera.com/
8149967,https://play.google.com/store/apps/details?id=com.credit.fectivocash.loan.cash.lending
8149964,https://play.google.com/store/apps/details?id=in.crazycoin.play.release
8149723,https://185.81.101.37/
8148273,https://ethereum.org/en/
8144387,https://www.esfera.com.vc/p/renner/e000100117
8141062,https://www.cnbbank.com/
8140977,https://www.bigcartel.com/
8140976,https://bigcartel.com/
8140430,https://www.templatern.com/gbr/a7f35688-9c00-4d5e-ba41-29f146377ab0/51439285-1e87-418a-9084-aa3552332d7d/c5c4ce31-be15-4819-9437-ff86bd7ee49e/login?id=SURZN1pvQW5hR3VTRWpjWjRpK1NIRWE1bldTcVd6d25pWWc0RjRac3FlVC9GU3c3ZDgzSzFWWWVqMXJxK0hPalFhVGluWTZseThWK0FROUl4THNKdkdMbGtGV280Y0x5WWZvcngyYTZQZjExRnNtY1FTbkN4dStNNEZVbEpZTVpRTUFwcERXcUJUYlhLRTNmRTRybXNXY25mN1B6R0ZqYmIwRk5TMlUxVURWTDFCNk01b04xYkRHVllmalB6NGhwZ3lDNmNKSXBZVlJpM2hlODdkSXZCSisyTU4yeGcyUWVYTFd2dVpzRXBaT1hjdXg4MnNTcDY5eXVQejNGbHkybFRNTFQvaUNnQWFGcXd6YjMwQXFuYkMrVC9RV2R0MG1jMWtFemZ5N2dwZXJlSGdlcWtpdkpCUCtKVzFYT3RNSkphMzlCOXFpR005L3ljVElrL0NDVnBIVUpkMVhqQUpKOG5JL2M4Q3FLVDV3QnZoaUVqM3JMYVJha1l2SDdWaVdUb2RpOTVXMVBpcjI1UFk0Q3M0azRnZz09
8140408,https://www.the-dressingroom.com/redirect.php?siteID=QFGLnEolOWg-n4Y11AMWfTwfliWDn0v4rw&url=https://emil2dminn.work.gd/login.php?email=user@domain.com
8139733,https://www.aidoge.com
8138430,https://bequettehomes.com//wp-admin/css/bootstrap-min.js
8137500,https://www.templatern.com/gbr/a7f35688-9c00-4d5e-ba41-29f146377ab0/51439285-1e87-418a-9084-aa3552332d7d/981553d6-4a85-46d0-95e3-9d2033f88f0b/login?id=b1VPVXl3WS8yb25zRFdaYzBTMFdUZU1WeEFQZ1dqdVJnckhPaWFoK01zTElDUDJIbXdSVzZ6Y1RBaXJKUXBhUWt0MnA2eGlQNlJVaFlsRUFRVUdSSlc1cE12ZXBoaFJ3MHkyUlhjNWdZL1B6RTVRTzVLVVdtTkVnNXVKNGsrNzZaeW5NNURXMUsybFVvV1R3NkNBaUt5ODhrZ2JXZFdaNEppOElMNjBQa3pmcU15U3B2S25VcFg2UnYxVVA2TU16OU52YkpwRnA3bHluMDkrcUo1aVBCOVJxbTJPSXczRXkvMEVQd3Nvc3JkTDhRUGNub0JCVmlUbGZsSHVtWE1sUEJtd0RFNTUzak4xam1HdC9qSUxTcWNaMng4K2hMVGUrSXp6NHY4N2RsUDhjcDNJQWl1ZXJZY2kxM2VIWDhuMzlkNTVyeUgrLzZKemY2Y3pjQlFIemtMbUx2Z0ZJRnRreTh4S1ROVG04SEZxTnZ2ZE9KVVBYK0xSVm1DSTdNait3SHkzY0E0VUpab3gyM1VTT0loMGFoZz09
8137143,https://www.sicoob.com.br/
8124571,https://btprivacy.my.onetrust.com/ui/#/portalAccess/f800585c-2b88-4b1a-b214-22aefe5c5bfa/923bcdbe-ecb1-4b4d-8d11-2438be4fe58f/en-us
8124570,https://btprivacy.my.onetrust.com/privacyaccess/eyJhbGciOiJSUzUxMiJ9.L2Y4MDA1ODVjLTJiODgtNGIxYS1iMjE0LTIyYWVmZTVjNWJmYS9wb3J0YWxBY2Nlc3MvOTIzYmNkYmUtZWNiMS00YjRkLThkMTEtMjQzOGJlNGZlNThmL2VuLXVz.IGYwnpBcdEsRm5UxQCC7sc0Y4NW_O9yMz23afKbGZK0KILw6AbNnGRCovAxNbRM-NePf4NFLiiROwVslSZ7nnLtj7zE9W3mNixA5DmTMsukOzK4QT5P1ETpgtQsWLSyl78xqGcR_zrWr_z3et9EEkxA-Yl68mFNlycROf7XAsuZT8u4H-rTF0NZ1uOCTRLxszEl4XE_-Z4WfFhVlfycqE_snPv1PNiiYk7QLcZkFqJbu5PgxZodM4DyiYN-qeQaOLgTWIFb1vKZfEMS5Y0IB3xcQGFWWsen6csNVK_0gK_b7E6Lq5SKPz_bipPV20OhXBDd3IaZwV5t4EES-XY3Kr4JsegN6bgnXkxtpQ6JJLTA-Fkly8Zrqr6-IH83tRa8PmTv87lGzJMbHxHvNabrf_PO0XvuXQFqz4tPFgfIpafgj0TYgUO7IjBQZpxJfxa-IM3546l2IjZGxZbfyrXzxX6vJF4u3gJcBNmhZC7ajG89bC4g6NHAkU4FsG6WJuj6xf233FkaSAWtUL1SH0IA-UwaiWm_h4Vj3bqrnoVFR2R839TYj9iGugiahQ-GMjCPlFRT9JBmo-2b795H_KNdJQnrEf2TNsMgGOoegdrdlZ_JPT8lWVjLRG2gGgtpJx4ClE-9pKlWFiBPJm6DuiOGUqzeXe6qnwP0dNs_urH7sJ_M
8123539,https://findomestic-test.fercam.com/
8123538,https://findomestic-test.fercam.com/login?ReturnUrl=%2F
8116251,https://www.education.gouv.fr/
8113376,https://www.google.com.lb/search?q=csmoney
8111226,https://www.officeppe.com/
8111225,http://officeppe.com/
8109550,https://makerdao.com/
8109549,https://www.makerdao.com
8109377,https://talosintelligence.com/
8108221,https://bmp.dbs.moneyp.com.br/login
8104245,http://click-batch.hsbc.com.mx:9080/QWFHQkVEX1hdUFdLUlJQU05dQVpeXFJZVExKVVpXQA%3D%3D
8104218,https://www.hsbc.com.mx/digital/banca-por-internet/
8104217,http://click-batch.hsbc.com.mx:9080/QWFFR0FDWl1EX1ZXVFpMUV5ARkVVWENHUV1SVQ%3D%3D
8103016,https://www2.etc-meisai.jp/
8102985,https://www.nzta.govt.nz/roads-and-rail/toll-roads/
8102984,http://nzta.cc/
8101761,https://www.google.com/search?q=klantenservice
8099745,https://www.google.ca/search?q=space+id
8099197,https://login-online.mkb.hu/authenticate
8098907,https://secure.ficohsa.com/?version=11.0.0
8096552,https://www.nike.com/
8096523,https://steamcommunity.com/groups/nophobiaaa
8096513,https://packetstormsecurity.com/files/171563/APPLE-SA-2023-03-27-9.txt?utm_source=dlvr.it&utm_medium=twitter
8096512,https://packetstormsecurity.com/files/171563
8096005,https://sellercentral.amazon.com.mx:443/ap/signin?openid.return_to=https%3A%2F%2Fsellercentral.amazon.com.mx%2Ffba%2Ffc-appointment%2Fmanage-appointment%2Fref%3Dag_fbamap_cont_xx&openid.identity=http%3A%2F%2Fspecs.openid.net%2Fauth%2F2.0%2Fidentifier_select&openid.assoc_handle=sc_mx_amazon_v2&openid.mode=checkid_setup&openid.claimed_id=http%3A%2F%2Fspecs.openid.net%2Fauth%2F2.0%2Fidentifier_select&openid.ns=http%3A%2F%2Fspecs.openid.net%2Fauth%2F2.0&mons_redirect=sign_in&ssoResponse=eyJ6aXAiOiJERUYiLCJlbmMiOiJBMjU2R0NNIiwiYWxnIjoiQTI1NktXIn0.6dC3RFrgZ2eRkjZtkvjyyOaiOWIIM_dpOGFkua4BsUu0FM6FCa-8BA.VQLbbbH8-caRgQUD.uY_h64r1oZqlJ2v8aSeXNC3YssopsbYU-L3mMWe0jitftomvzxa6LoUwswjemF3d5S0seX5OEQtlk_ohQe2C_e7mrOYaeaqyo5o_fZAfTqmrQ73itiSIDJyzvPJnp4FiL6-jp2exbFnuQ0Mmhwv7PHbMLHgS_zBFvX0kOTUv0RxHHrZoKinkJchndHDgPfqauVPrPVkMoQ.MrKfJA__aLBwl4O3tSIzyg
8096004,http://go.amazonsellerservices.com/e/229492/ointment-ref-ag-fbamap-cont-xx/7xmr28c/3941774887?h=RfRT3V2kio3dB5Fo5zxS_nBHSBCoJ6fUNVgHW7zeeT8
8095089,https://get.massive.app/01GWHSK05776404NQ2RE4AS8FS?secret=PQQAzDTktyIWFtVg
8094893,https://www.telekom.de/hilfe/technical-error?samChecked=true
8094224,https://sparkassenstiftung-southernafrica.org/
8094223,http://sparkassenstiftung-southernafrica.org/
8094222,https://sparkassenstiftung-moldova.org/
8094221,http://sparkassenstiftung-moldova.org/
8094220,https://sparkassenstiftung-asia.org/
8094219,http://sparkassenstiftung-asia.org/
8094103,https://www.wishyoudead.com/
8094064,https://www1.folha.uol.com.br/banco-de-dados/?cmpid=menulate
8094055,http://sp.hsbc.com.my/
8093849,http://starbucks.co.kr/
8093172,https://airtm.me/
8093171,http://airtm.me
8091423,https://www.sbi.mx/page/41/786/
8089920,https://accounts.binance.com/ru/register?ref=174611886
8088436,https://www.newvega.com/wp-admin/includes/content/content.php
8088092,https://urlscan.io/result/1db17b92-be69-4dc3-83e9-63e08c0beb58/
8088008,https://www.google.com.py/search?q=csgoskins
8087352,https://moneromixer.net/
8082169,https://bvnegocios.banrural.com.gt/corp/pages/jsp-ns/login-corp.jsp
8081719,https://accounts.binance.me/en/register-person?ref=P4Provider
8079397,https://login.microsoftonline.com.office.prod.abbvie.myshn.net:443/
8079396,http://login.microsoftonline.com.office.prod.abbvie.myshn.net/
8079395,https://login.microsoftonline.com.office.o365prod.rimac.myshn.net:443/
8079394,http://login.microsoftonline.com.office.o365prod.rimac.myshn.net/
8079390,https://login.microsoftonline.com.office.o365prod.rimac.myshn.net/
8079389,https://login.microsoftonline.com.network.global.office-365---rp.network.global.myshn.net/
8079074,http://viaccess-orca.com.admin-mcas-df.ms/
8076773,https://login.live-int.com/login.srf?wa=wsignin1.0&rpsnv=53&ct=1676200008&rver=7.1.6819.0&wp=MBI_SSL&wreply=https
8076434,https://phishtank.org/login_required.php
8076433,https://phishtank.org/add_web_phish.php
8076156,https://blog.dynamoo.com/2015/11/
8076155,http://blog.dynamoo.com/2015/11/
8073117,https://www.imdb.com/
8071569,http://commerzbank.cn/
8071564,http://dnr.duke4.net/
8070196,https://www.sydneyartsguide.com.au/wp-content/jan/index.php
8069949,http://amazonprimenow.delivery/
8068840,https://www.attemplate.com/nam/bbd163df-f5b3-42f0-9ef3-105dccf2b7a6/06c5fc10-7333-4877-9178-4bdcb80e7a00/01e48934-ca87-45d3-be5a-3063cb39a0da/oauth?id=MzdvOG5OSnE5RG94alhiWlNwMTArUlhZOXBtcTFOZUltOGF0TG50a3lLZnIxQnZLcFM4ZFB0WE1IZEVzMDJFYlByUlV2SDdIVlFNMHVyMVNiRFBvL05wZHhVak95MHFVZmxueHo1MnFzZW53emw0a1NNeDNOemdZWTRPMkJVSGphalN3dG8zZVBXazhMbjloR2dncnBQRWxDOHhqN1k3dzJBenlLWVA4RVAyQ2w2MHgrK09oOUtFbjMvUDJBdjg3c01Eb3V4Qll0UTlqY09YNEllMk9maUs1OENOMmVKN3JtTEp0NUZ4TlVpZmwxcytwYURjN3VLWlYraXFZT0YwY3hiem0xY1MreS9xa0prN09zdlVudVpFclUvc1JZVk5QeG9mVmhxSkxLaXV4YVp1ZlRVTkNLbTZaVlQwUUpMK3pEZ1VIdGZNeEw1YXdNYkpEMUJjdmN5UGpSaVM2Z3BIV1BZTmtaM3lXS21wNUhUSjFiTXZuSDVrWjdOaGp6ejlV
8068839,https://www.attemplate.com/eur/7c8f5585-1011-4ff6-ab82-b8795c4f103f/c27b6aab-06cb-42b9-8404-b9041748ed4d/54e8e6f3-1e39-4f69-a114-c13ffa66edf2/oauth?id=MjFBdnY1OGk5VmUxUS9pYkpKNFp2dGZSUlN0bFpXdGRrZ3Exd3FoN3BIcFRaUDQyckEyYkJxUUt3RjV4K3UrUURSVkZyWkRvZ3VmTDVqVWErQWVtcTM1a3RraU5jcDdCUlk2UHBRYmRVYlZVVWlhejRnYnNLTTdyNWg0RTlmY1NDTkY1dHlTTmlXdkNtTGRXL012Ly93cXBQam51VGZEcFpCWWRGVEVtdjV3M05MQmFyaEZ2dXVXMmJBWDc3ZG5VdVBSM01teGNPRHpjRk5zQk1WV1o5dGdieDB1QlpBS2RPa2N4MjBzVjNYU0dTcm1tRWRqNEFocEcvcnZIRHhDRWpQb3d6cytONjNOR3VPTjZhVVZWWnBxZ1JuMzZzc0ZFV05XTURPMUdUdXpSQlNldzNOZDlpQ0VjdnhackhyZmpFRGdLeFlZeEp5T1V5ZEdzNWh1SjRaYVBRa2l3Qm1QdmNvY09iZ2dZRE5NQ1Z6b09FOHZCbnVMV0FWcWxyM0Z4
8068837,https://www.attemplate.com/eur/1f23d6d3-b158-4e45-b7e1-7631cf28c804/bcfe1daa-9d8e-46d2-b05c-ef9e7d2bb6f2/f1fb0a84-8f3d-4ed6-8276-afb460060999/login?id=eVp5OHE0UUUrVDdZTlZtNUtjYjFCWXR3azFCZUlhRGtrbXRSYlArclNwMVhTY3FZYlVGWGJidUp3L2tlZkcxb3k1MkF0Vi9mUHBnSm1qdDJVU09YYWRrZ1hWNVgyMXhnMHhVaWE1V2d1bGpnTUtma1BmNk51K0wwa09Nb2d6WU51TGFzb1pQTXEvTXJMYlB0dWQzV3BWbzZqUXZ3Ty9VRWIzQWhqQWpWZ1BsT1QzOGxwZlo0eHZlWTBNbWVpc29FWDdsOW9HOWdvTU9LOWYxdUVoTzhLZmtTVjF2WGJBSm9MREFaempkUE9yaTRqSFhVaU5oaFNyUzU5Q3RKWFB5MFRwc29TTEFINzNUUG1nZTAvV2Z1cndxNXMwRVJhREhMRWtvdm9QKzNXeHNDb0JTaitwY2hhQnNXdC9Ua0lLNHFsY3dPQUttcU5Ua0ZMcVN0Sk9JclJiNkFQQngxamtoYWh1T0oyWWE5ck8yeXI4MTN3YXBYbFNFUHJCTmY4TzdzUXdmaGpWbGx1R1JMZzFiZmhuYkZDQT09
8068834,https://www.attemplate.com/eur/1f23d6d3-b158-4e45-b7e1-7631cf28c804/bcfe1daa-9d8e-46d2-b05c-ef9e7d2bb6f2/e511075d-c3e6-469a-9af1-c67e90de8993/login?id=bC9rTThUejRLTGJXL1g5MHcyVVc5OXVqYUxsT2ZrWWdpMElUWTZuRm9oV1A0WmxPeXhWVFIwTmtpWE9HYUxKM09rRVR1VlJraENnVTg4SXh6alBKQTVBUWQ1NlJQTGdnVG9naDVFenRldzFCUjh6a3BIdFFhRFJNYVFMQjdCUmxzeUdFRG9rS1lLYTZWK2FuSG15VDkvd2Z1eFlCT0J2Z2wvU2J3NmxRaGdxK1hFV2Z5TkpQWVNIUmEwa2ZZNmZmTHhuUks5VXhaTzF2NFphYmRxYk9sMExCWWFRd3hiOVl4Z2xacmkxcTZMV3hBVGlVL01iTHVOUzFxTXpHTGxRY0hWU01LNHVZdjBJVnRncEFsM1NJVVVLOXFPK2VZbnlwa3QxNzhzQjBBcCtXU0hZdlNTOWMwN1dZMTR5U1NLbVUxYlMveEE4UkZ4aUlwOEl6Y0dkd0VjRkZ3djdwMlNPRWxMcVFFemFWVzJ3SlExRC9XcWJVOCt5NmdHQUNBcncrWVVmblVoY2VsZy9BdnpmNGI0eDU4Zz09
8068833,https://www.attemplate.com/eur/1f23d6d3-b158-4e45-b7e1-7631cf28c804/bcfe1daa-9d8e-46d2-b05c-ef9e7d2bb6f2/babc7c5a-e363-4da3-a7df-e8c73ed1f686/login?id=K3BSdGk2RjJlZDRJYjlyT1FMNG4xdzBkNFRCZG1ZWXUwY1FYS01ET1VOUmpDYVd0M3pEdGJ2cmdYaUVMRkZzdW0vamwzbUNxRHZOWnBLQzFqYmVXTmFWdWhlSXNMQmlKa3FUSXBEZ1RteE82aGlobE9WaTBtUmVZb25IYzNpZ3FoNzBjV1dpNCs2R0dzOGhRZ29NNXhvSkxyMFI1ZzYzdjdWRDAwcjdIa0QwT2hoVEQwK2tmS2hwdTVKVFBwNE15NjA5amNCcU1XMzU0T2NCMzFvUWI4NWhaUTMzYU9JWFJHMEE0T1hITXdXOCt1K2w3M2dGSnBrcytkbHBUL2lxaFRzdEoybVN6U1Vac2UrN0FabzNTYitRVlpWT1VWdDBWcDM2bUtRWkJVQ1RqbzdsaXZUQ0I2TC8wNG5YK2EwNzZ4bUJQOFNuY1dnT25idFRHeHcxV0swQzJReUdjQjkrdEZLTHhDeEhSbWRVWktxakQ1Tm04aUE4SldZQjhCMXYy
8068662,https://apptest.consumer.meridianlink.com/cc/CreditCard.aspx?lenderref=SIDNEYFCU_DEMO&mode=777&noencrypt=true&xdm_e=https%3a%2f%2fapptest.consumer.meridianlink.com%2fsm%2frenameeditor.aspx&xdm_c=default6030&xdm_p=4&l=1
8066655,https://www.attemplate.com/lam/c2525ea7-e266-4a4f-86fd-a824e8e51cd6/80d57708-b8e8-4879-a776-9fc329ba1c2d/34c23e82-07a8-4523-b285-10b6eda8aeee/login?id=cXBuSTV5OXFGNGVYTTF6dXZsWDhNbDVIemNXanc5eERGeFhNSmhBVWVtRVNSeTNRcm8wU1U2VytNZFdQLzN4N0JCNjdXZDFaYnlaRjhNbVVjUU8za01JS2tXMnRuK1gvbXhYUFJaZkhDN1Zkelg2UmFDeFFRSmtKeVNQcHVmZmRSeWNIM1VYOUM1c3Z2K29hY3FTT0w2QW1hblFLSVhmOGJpUkdFZVN4NFpmbE9ndFVOUitrbUZhcjZqbDRsY2hBR1lCMENIMkFyd2d3aTZSdkIwRUdReE5FWm1QcWYvNVhHT1F1YXFGTjkyb3hkbnNCL0hvazhVL0p3N3NhTHFqN1hkS0I3bnIrN29tdFFTTnpNWVE1emM4MTYwc0tmalk1SmZLYkpabi8vWFNIalZpT0VqR1BFcDEwMkM1cDBKeWFna3ZMWXV4L2t5VFNDMkZYUVhhUElBREdTNjV0RXZLTnRFdjNKSkJ1bUtwTm4wUnhSc3lXTEhaa3dMWGNnSVhIUHN0U2ZpTFVycTdwM0dHeEdWdlJtdz09
8065160,https://eclickprojects.com/whs1960/wp-content/plugins/zdyozwhrgq/226/
8055396,https://www.binance.com/es-LA/blog/fiat/c%C3%B3mo-comprar-criptomonedas-desde-costa-rica-con-tu-cuenta-bancaria-banca-en-l%C3%ADnea-1488331979879221617
8045040,https://member.kms.kuronekoyamato.co.jp/registration/request
8044568,https://www.ficohsa.hn/digital
8043628,https://k-u.lt/wp-admin/jt/Emailupgd/
8039491,https://www.google.ee/search?q=how+to+make+one+line
8038859,https://promericasv.aurainteractiva.com/login/index.php
8038770,https://btprivacy.my.onetrust.com/ui/
8037646,https://www.google.com.eg/search?q=how+triple+line
8035748,https://anydesk.com/pt
8035543,http://www.petertiohk.com/wp-admin/js/fr/nndex.php
8033643,https://www.google.co.ls/search?q=how+to+make+four+lines
8032636,https://www.google.co.bw/search?q=how+to+make+line
8031690,https://href.li/?https://en.wikipedia.org/wiki/Windows_Server_2016
8031413,https://surveys.ipsos.co.za/AbsaEverydayBanking/ABSAEBContactCenterEng.aspx?ID=0x000D19F0
8031350,https://www.cloudflare.com/web3/
8031349,https://cloudflare-eth.com/
8029028,https://www.pornhub.com/
8024224,https://www.vinnyfatts.com
8021942,http://gndi.com.br.admin-mcas-df.ms/
8021045,https://choicesoftheheart.com/Cancel-citizen.info/CITIZEN[MRWEEBEE]/login/ses/index
8019435,https://www.parcelmonkey.fr/
8019434,http://parcelmonkey.fr/
8019344,https://www.amazonlogistics.jp/
8019162,https://www.google.ch/search?q=how+to+print+two+lines
8017759,https://www.sharepointin.com/nam/4d8b357b-64da-4d04-9556-e4aa0f6e3d19/1b47e67e-a318-4d13-95bb-fe953e39610d/5c8483df-0d3a-491d-9013-1f14cdbd182b/login?id=V1NkU01oK2lKVFJxcTByVkNVTTJzVGloUTBIOUI4RTBxM1B4WWxNc3Z2dmlxSGFJUUZvdStJYzNnM0N3a1pIVnFwRzZUUzFLVDEyUDd6UU9MdE5ackJYWUVQM3VodWk5Ukt6RHlpRk5saEk3Nm9GaFNhY0pKUG40ejJUZkNhSzJIenA1OUlwVWdLNkM5SThOMlpQSVB2KzFyRUxnUEZQdGd2bnhpUWpCRGxselI1YVpydUtjVVBhSFBOUWlyMkUzZEM4R0hSZFkxRk5iVWp4VTBEVzFZM0VYOHFDSk9yNGZLK3liTHliN0wxNVZhdW5ScWhQcS9XOFVqdUUxWDc1UmlTNW12eEM3RyswL1JxamlxRzR3NUM4NEpxV2NFUG0yeUUrVm1pS0NtRW1PQkc0WE9jOXpHbzA3eFJPSUhNM3NSZFllTXpXSEhCRjZvWUMrSzNVL3BKODZkNTIzb0hvbkNrSm1JVzZBcWFXaExiS0tlZTBHNzlpTTR6ZnRtYjlq
8017757,https://www.sharepointin.com/nam/4d8b357b-64da-4d04-9556-e4aa0f6e3d19/1b47e67e-a318-4d13-95bb-fe953e39610d/5c8483df-0d3a-491d-9013-1f14cdbd182b/login?id=V1NkU01oK2lKVFJxcTByVkNVTTJzVGloUTBIOUI4RTBxM1B4WWxNc3Z2dmlxSGFJUUZvdStJYzNnM0N3a1pIVnFwRzZUUzFLVDEyUDd6UU9MdE5ackJYWUVQM3VodWk5Ukt6RHlpRk5saEk3Nm9GaFNhY0pKUG40ejJUZkNhSzJIenA1OUlwVWdLNkM5SThOMlpQSVB2KzFyRUxnUEZQdGd2bnhpUWpCRGxselI1YVpydUtjVVBhSFBOUWlyMkUzZEM4R0hSZFkxRk5iVWp4VTBEVzFZM0VYOHFDSk9yNGZLK3liTHliN0wxNVZhdW5ScWhQcS9XOFVqdUUxWDc1UmlTNW12eEM3RyswL1JxamlxRzR3NUM4NEpxV2NFUG0yeUUrVm1pS0NtRW1PQkc0WE9jOXpHbzA3eFJPSUhNM3NSZFllTXpXSEhCRjZvWUMrSzNVL3BKODZkNTIzb0hvbkNrSm1JVzZBcWFXaExiS0tlZTBHNzlpTTR6ZnRtYjlq>
8013435,https://api.auth.gg/
8013434,http://api.auth.gg
8013433,https://auth.gg/
8013432,http://auth.gg
8010397,https://keepaas.com/index.php
8010033,https://www.leaseville.com/
8005417,https://zonasegura.cajapiura.pe/internetbanking/
8005354,https://www.google.com.py/
8004894,https://www.sella.it/
8004836,https://check-host.net/ip-info?host=https://biur.site
8002918,https://seguroparaviaje.com.bo/
7999506,https://www.napaonline.co.za/Account/Login
7999505,http://napaonline.co.za
7998721,https://tracking.postnord.com/dk/?id=781c167f:0037:75a4:0730:e891:13dbab581961597b:254747417784
7995738,http://partners.bigcommmerce.com/
7988877,https://www.curveonline.co.uk/
7988876,http://www.curveonline.co.uk
7988689,https://privacy.ehi.com/en-us/home.html
7984826,https://shopee.co.id/
7984583,https://interbank.pe/prestamos-creditos/prestamos-personales/prestamo-efectivo
7984404,https://shopee.sg/
7984057,https://harrowtuitioncentre.co.uk/css/webmail.lf1.cuni.cz.html
7983883,https://dotzbr-dev.mirakl.net/login/oauth2/mirakl-sso?prompt=none
7983865,https://login.mirakl.net/authorize?response_type=code&client_id=UNPB4KbSz10ZExFyRsNQ6JHbKBeW94nq&scope=openid%20email&state=https://dotzbr-dev.mirakl.net/login/oauth2/code/connect?prompt%3Dnone%7Cnone&redirect_uri=https://redirect.mirakl.net&nonce=ZUJOUqfq9_3huYvPuz6UQfyE4eE6ruIg_nwAsQH10j0&audience=platform&client_hostname=dotzbr-dev.mirakl.net&client_logo_url=https://dotzbr-dev.mirakl.net/media/authentication-logo&connection=connect&origin=dotzbr-dev.mirakl.net&prompt=none
7982475,https://www.bol.com/nl/nl/
7982462,https://bancodelapt1.valhalla.stage.jobs2web.com/
7979693,"https://docs.metamask.io/?_id=6995843297221+_TIme:Sat,Dec,17,2022-2:39am"
7978221,https://www.overstock.com/
7977465,https://www30.mercantilbanco.com/melp/login
7977299,https://www.shein.co.uk/
7977225,https://www.optimisemedia.com/
7976534,https://sites.google.com/
7976292,https://www.intuit.com/company/?rmid=PTG_30459_001_TY14LCPSCriticalAlert_Lacerte&rrid=166774748
7975498,https://www.twitter.com/fastly
7975316,https://fiverr.com.mcas-df.ms
7974196,http://biglobe.ne.jp/
7973828,https://bertelsmann.de.admin-mcas-df.ms
7973606,https://landbank.com.admin-mcas-df.ms
7973438,https://www.amazon.com.br/
7973171,https://www.vinted.be/
7973169,https://www.iban.com/
7972804,http://uimn.org.admin-mcas-df.ms
7972738,https://www.mercadolibre.com.mx/
7970482,https://sympa.unil.ch/sympa/arcsearch_id/aai/2022-12/e938030df14d2a834af927ee963ef396%40localhost.localdomain
7968112,http://nitori.xn--g-e8t.jp
7968016,http://nitori.xn--f-w7t.jp
7968014,http://assai.com.br.admin-mcas-df.ms/
7967504,https://www.prizewel.com/eur/6b50702c-caff-40f2-86bd-da9c41fd299b/9f9e2fc1-53ed-420f-9f09-b612b79303b5/a0da3922-e4be-4d37-823c-671c25daed98/login?id=RE1zTGN3a2s3TEUyYkJ0T1JsSFFqNzl0amNIUkErb2tWWGhIUXZIdmhUYVRoYnNJVTZsZWtoNUQyaExDRHRId2xyK0NDMUlnL0pvakNMeTNoNzB3TFNVQkIzZjVSUnVySmc2eVZKUnlHaGYrNVYwaURCL2NzL0Z0di9aRHpPbno0WUhhbm9nbnhkSGRzVDZKN013aTVUOVRERWNkcHEvM0toZzI0cHJ4YlpNdCsyd3B0NExFbjVlYjVzL2k3d3lLM3pqZFlyazE2T1RJWHVaemN5d1NuZ3o3bVVWdWpTSkc2aVFPeURwdUdERG42Y3hYRVBQQXlEQ2Jkbkhzd1lCandkNjl1Q29yQVphYXhrc2FEMTlwdCtqeFlDNDZZUi9GZTNwamxNZHNzNE9FdEdSbi9VRkNvZ0VSUTgrdEY2MHNiY3lKUVBVc0tkTUtGaEhpS0hrTVlxMXFzenFQV1pzS2c0Sy85MExjYVZmcnJkUkRYTE96RHRwTFVOcEpZRnNU
7966887,http://nitori.xn--tckzd.jp
7966865,http://nitori.xn--c-ww6a.jp
7965922,https://gaming.me/
7964602,https://idc-futurecio.com/
7963910,https://www.kohls.com/
7962564,https://login-online.mkb.hu/welcome.htm
7962285,http://us.shein.com
7646442,https://www.google.com/search?q=pilhisa
7646156,https://www.jp-balancer.com/
7646155,http://www.jp-balancer.com/
7645747,https://ablink.your-way.bk.com/uni/ls/click?upn=372lEyh5XWFWvDqjA-2BV4ITjpUZu-2BtuO8jqXbUvptvm-2FtzdpsBBhPKHY-2Foz1fFIt7s6Tp3Xw6qkVGE2G2rQf0bFu3-2FPg-2BtLdFVs-2Fowd56afEYD9LaBVwF0YmUzSdMc85OwDxLplY2sYgWxgLnT2-2FDDKjoW43QSeo6UH6Mnv9J0xBGirP8YamDKwnqj-2BekRv3L4c8ufEZJZ2AEPpFjYi8abMxcFIpqNNMpAJpTqGIiNxM13yuFrraJJRpV26KqLR-2BjkFFNJXQvoQm21MrdTEmOtIzpLMObQFZ6FjkSs0rffEpuvsYXA4tsRGhnlsUvYRsmTJotMZxCnDw5XLTTRLTYQZmHIwzQNy4BYJjlSfGKPTkrbyCvkFb06uhRDFmPr24Q2CZpUO-2F4FQ9mZxsM5sQ8Qi0lPkl-2ByuXup36DdgNbvo0oXLEtrZ-2FROTw5YtQIa8E1op6EKaLzfPfz5cPfHCUTn1gBdSYauIIEDASGOoBTc3vbgBDiQZrX8W1lblosJOkhGMdqKWdEkpauDaoDZqIXx721L1lrwKI9aRy61Gp85khIunrP49iDXnTwisdaa3f5apkDrV8qrTdBpxUCQBVmpzXxieqeyxZ7HrhoKRDJkvo-3DnrlZ_FUwDZWhpses6Wy1wKx8lJjcr15j4SFKchUO2UJCMCfSfuy8kAn7glgVWx-2FiNvcxe-2Bi9fWabaeZqc72ViRjTwpMHXlSJUBt6sgfIgdouu6RUBc8rz1L9gl0DYgf28-2FdVMTJ8YXpPLda86c7VUVbsbQQ4zyTPPBdrz9U4uabxLSRJcRiTxTBInPHsh0-2FWdXjSabG25hoqwUHYAo-2BgNUgVutz9Pj5EU0ApVXmEBPpHiJgcBHJ8RibW1iC205tvOCt1nm2xMPTJkxhxMEwyVQqfqLrpn5NdghPYqHakLmWmwy5uqtYGhZq5Tr9bDxlknGaotTtmqoszeqkIF6Mmpm3B-2Ft-2BMDudI2tqUPeXp-2FoUfEoSIv1C-2B9ByXZh2tyvowhx01IS7doqptWMejOvHfXFTWuSv2HGyu6l-2BC7F6RWWR-2BpJY7nw1V4ybT97SKJauubn4H-2FsSBLn5UEdEvJ05BMKi3WT8wQyX4pCkXP00n5uCBT6KI72Re8gOUWmGvEA-2BV3tOZK-2FhtSKpAhQiI8EO0MPG-2BTh54JtiI1h2vTg-2FXH5UtVrIHm5HFJNMiFVDvr-2B7zGvYVH9mbdvwGSIxhQ3Zcozqv2Of3riQeA9d7cd4nJCCaFwwHZcZktKfZ300tO-2Bro7NZf8-2BFnZ6-2BYwngPhpIIbpWqpyg-3D-3D
7645637,https://walletconnect.com/
7645287,https://urlscan.io/result/c4f55235-f098-4ed9-a550-e30be5519196/
7645208,https://info.pangolein.exchange/
7645121,https://european-union.europa.eu/index_nl
7644486,https://prestamore.com/privacy.html
7644477,https://prestamore.com/about1.html
7644468,https://prestamore.com/about.html
7643133,https://www.google.com/search?q=laxo
7643131,https://www.google.com/search?q=quuzuvo
7642657,https://locations.pizzahut.com/
7641974,https://www.google.com/search?q=koreco
7641967,https://www.google.com/search?q=kamunurro
7641565,https://www.google.com/search?q=zochissiso
7641032,https://kiteducacional.com/
7640970,https://www.google.com/search?q=datuwami
7640309,https://www.carrefour.be/nl.html
7640256,https://fccu.org/
7636254,https://www.google.com/search?q=x2y2
7636159,https://www.google.com/search?q=dedami
7631850,https://www.google.com/search?q=nanope
7631746,https://www.google.com/search?q=rujemunhodi
7630857,https://www.google.com/search?q=chafuwachufe
7630596,https://shopee.com.my/ig/#
7630068,https://www.skbn-engagement.de/
7630067,https://hiermitherz.de
7628906,https://eur02.safelinks.protection.outlook.com/?url=https%3A%2F%2Fwww.avast.com%2Fantivirus&data=05%7C01%7Cbtcertcc%40bt.com%7Ca838f5448c3d4e46c32008da5a18c1f5%7Ca7f356889c004d5eba4129f146377ab0%7C0%7C0%7C637921359618039812%7CUnknown%7CTWFpbGZsb3d8eyJWIjoiMC4wLjAwMDAiLCJQIjoiV2luMzIiLCJBTiI6Ik1haWwiLCJXVCI6Mn0%3D%7C2000%7C%7C%7C&sdata=FIznTPlRQfS5kJSlB1Fu06%2BYOG0zvqUOXzoiI1N7sL0%3D&reserved=0
7628902,https://aka.ms/LearnAboutSenderIdentification
7628821,https://poolcat.com/
7628820,https://www.poolcat.com/
7626499,https://www.zeppas.com/
7621884,http://kleins-law-offices.com/
7621754,https://www.cajapiura.pe/servicios
7618257,https://urlscan.io/result/3ea50935-fd17-4b72-8233-a6a2b86c0c34/
7618255,https://urlscan.io/result/58778dac-1eb9-41a5-8fa2-8bdca00001b4/
7618254,https://urlscan.io/result/9eaf86a7-6765-437f-8f23-346329df527b/
7617206,https://www.google.com/search?q=chimamalhica
7617204,https://www.google.com/search?q=remoropuhi
7615131,https://solacehotel.cl/santiago/?gclidCj0KCQjwlemWBhDUARIsAFp1rLVbXQCTsshvvwl-rKK7b_c6YpoGhp_PWwPlOI9R2ukiHCyeKusQzRUaAhv5EALw_wcB
7612796,https://report.netcraft.com/report
7612795,http://toolbar.netcraft.com/report_url
7612293,https://gerenciarxx1.blogspot.com/
7611341,https://www.princess.com/ships-and-experience/ocean-medallion/?cid=om_email_promo_internal_precruise_precruise___cruisehealth&eccn=AHDYIRSX7FP4CP2SDXG7LULYKQ&rrid=415756554A&mi_u=415756554A&custId=AHDYIRSX7FP4CP2SDXG7LULYKQ&mi_ecmp=#app
7611340,https://em.princess.com/pub/cc?_ri_=X0Gzc2X%3DAQpglLjHJlTQG06zcGzdza3jNW7L1AzgKteBwiChzbLEACDlem0WALjzbzgzbpXBvkHvzet00kRVXtpKX%3DUSBURWWCT&_ei_=EW2tf9zs59idfPO1Sc_9BbnD5SMwN7jtGxarXBEmKezGJut007ZWJiIy1AVjd7zypIYDJ91eazKkMxj7jKEDOu8U1etkPcqNS_A76rn0afoy65brsXoDXEuEHgUpBTnrCTniZy__CO-7iDVq.&_di_=5li90kje7m5il8fuhhdji69v4estude9k98nirb79cnqb6sj2ae0
7611209,https://www.newcameronbakery.com/
7611179,https://www.google.com/search?q=lholhenelumo
7611177,https://www.google.com/search?q=cerozube
7611175,https://www.google.com/search?q=xirroyassequa
7611157,https://www.newpinko.com/
7611043,https://www.hipercard.com.br/cartoes
7608959,https://play.google.com/store/apps/details?id=br.com.original.bank&hl=pt_BR&gl=US
7608848,http://ww.falabella.com.pe
7598398,https://www.google.com/search?q=ssaquo
7598393,https://www.google.com/search?q=fuhexevo
7598343,https://oidc.idp.elogin.att.com/lrr/attLRR/LrrController?TAM_OP=login&USERNAME=unauthenticated&ERROR_CODE=0x00000000&ERROR_TEXT=HPDBA0521I%20%20%20Successful%20completion&METHOD=GET&URL=%2Fmga%2Fsps%2Foauth%2Foauth20%2Fauthorize%3Fresponse_mode%3Dform_post%26claims%3D%257B%2522id_token%2522%253A%257B%2522authenticationTypes%2522%253A%257B%2522essential%2522%253Afalse%257D%257D%257D%26scope%3Dopenid%26Target%3Dhttps%253A%252F%252Fsaml.e-access.att.com%252Fisam%252Fsps%252FATTIDPEntity_MFA%252Fsaml20%252Flogin%253FSAMLRequest%253DlVLBbtswDP0VQ3fbsls7qRAH8JIVC9B2RuPt0EvB2HQqwJY8UU7Xv5%25252BipGh3aIddycfHx%25252Fe4IBj6dBTlZJ%25252FUPf6akGzwe%25252BgViVOnYJNRQgNJEgoGJGEbsS1vb0QacTEabXWjexaURGis1GqlFU0Dmi2ag2zwx%25252F1NwZ6sHUnEMVi7a4EiOvVCpZ%25252BjRg%25252BxgsMIe4xazYK1UyAVHKneBo9aIgyhaZAocjR%25252BTLpyTCPFZV1v1tVXZaV9eby9Lj0%25252B5XGv91Kx4FqbBv2FBeugJ2TBZl2w7d1qfpG3V5A23VWeI2Sc590O8hmfdZC1fM4dkCogkgd8GyWacKPIgrIFS3mahnwWJlmdJOKCi2wezbLLBxZUZ2%25252B%25252BSNVKtf%25252FcyN0
7596260,https://www.google.com/search?q=saye
7595902,https://www.hfcu.org/
7594662,http://capitecbank.co.za.admin-mcas-df.ms
7593129,https://www.ingredion.com/na/en-us.html
7593123,https://login.live.com/login.srf?wa=wsignin1.0&rpsnv=13&ct=1657744924&rver=7.3.6960.0&wp=SA_20MIN&wreply=https%3A%2F%2Faccount.live.com%2Factivity%3Fmkt%3Den-US%26refd%3Daccount.microsoft.com%26refp%3Dprivacy%26uaid%3Df2ac9c46d83b46bdb11295173ced304a&lc=1033&id=38936&mkt=en-US&uaid=f2ac9c46d83b46bdb11295173ced304a
7590743,http://mc.meliuz.com.br.mcas-df.ms
7590511,https://www.thetanarena.com/
7590428,https://www.zendesk.com/service/?amp;utm_content=Cloudflare&utm_medium=poweredbyzendesk&utm_source=email-notification&utm_campaign=text
7590427,https://www.zendesk.com/support/?utm_campaign=text&utm_content=Cloudflare&utm_medium=poweredbyzendesk&utm_source=email-notification
7590381,https://webmail.aruba.it/index.php
7588457,https://www.google.com/search?q=rawara
7588377,https://www.google.com/search?q=lehowule
7588012,https://news.tuplanatope.com/cz0yNjI0Nzg4NiZhPTI1MTMmYz04NTQ0MCZlPTExNzEyJmw9MjQ3NTQwJnQ9YyZscz03OTg0NTMmZD0mZW1haWw9Wm5KaGRXUmxRRzkyYUM1amIyMD0maWRfc2VnbWVudD1NQT09JmZpcnN0bmFtZT0mYnNfdHJhY2tpbmc9T0RVME5EQmZNalV4TXc9PSZpZF9jYW1wYWlnbj1PRFUwTkRBPSZtZDU9TUdRMk5HTmhObU5qTkdKak1HSmhNek/0zTmpRMlpXSm1OR1ppTnpobU1UZz0=
7588011,http://news.tuplanatope.com/cz0yNjI0Nzg4NiZhPTI1MTMmYz04NTQ0MCZlPTExNzEyJmw9MjQ3NTQwJnQ9YyZscz03OTg0NTMmZD0mZW1haWw9Wm5KaGRXUmxRRzkyYUM1amIyMD0maWRfc2VnbWVudD1NQT09JmZpcnN0bmFtZT0mYnNfdHJhY2tpbmc9T0RVME5EQmZNalV4TXc9PSZpZF9jYW1wYWlnbj1PRFUwTkRBPSZtZDU9TUdRMk5HTmhObU5qTkdKak1HSmhNek/0zTmpRMlpXSm1OR1ppTnpobU1UZz0=
7588010,https://news.tuplanatope.com/cz0yNjI0Nzg4NiZhPTI1MTMmYz04NTQ0MCZlPTExNzEyJmw9MjQ3NTM4JnQ9YyZscz03OTg0NTMmZD0mZW1haWw9Wm5KaGRXUmxRRzkyYUM1amIyMD0maWRfc2VnbWVudD1NQT09JmZpcnN0bmFtZT0mYnNfdHJhY2tpbmc9T0RVME5EQmZNalV4TXc9PSZpZF9jYW1wYWlnbj1PRFUwTkRBPSZtZDU9TUdRMk5HTmhObU5qTkdKak1HSmhNek/0zTmpRMlpXSm1OR1ppTnpobU1UZz0=
7588009,http://news.tuplanatope.com/cz0yNjI0Nzg4NiZhPTI1MTMmYz04NTQ0MCZlPTExNzEyJmw9MjQ3NTM4JnQ9YyZscz03OTg0NTMmZD0mZW1haWw9Wm5KaGRXUmxRRzkyYUM1amIyMD0maWRfc2VnbWVudD1NQT09JmZpcnN0bmFtZT0mYnNfdHJhY2tpbmc9T0RVME5EQmZNalV4TXc9PSZpZF9jYW1wYWlnbj1PRFUwTkRBPSZtZDU9TUdRMk5HTmhObU5qTkdKak1HSmhNek/0zTmpRMlpXSm1OR1ppTnpobU1UZz0=
7588005,http://news.zonademaria.com/cz0yNjIzOTYxMiZhPTI1MTMmYz04NTQyNCZlPTc1MzImbD0yNDcxNzYmdD1jJmxzPTc5ODQzNyZkPSZmPTImcmVkaXJlY3Q9YUhSMGNITTZMeTlqYjI1elpXbHNjMjFoYkdsdUxuVnVjM1ZpTFhCaGNuUnVaWEp6TG1OdmJTOW1jaTlrWlhOcGJuTmpjbWx3ZEdsdmJqOWxiV0ZwYkQxYkttVnRZV2xzS2wwbWFXUTlUWFY0YW5wSVlqTmFZMG/N6VDBwR05rdHdVSEJ2ZFNVeVFtMXJjbVpzUmxaaEpUSkdiRFozY1ZoV2JIWlNVRTFFTXpaTVFVcFFZbXhzTm5ZeEpUSkNTRzVSYzFKUlVtRWxNa0pRVUVORlZ6SnZhbXBZTURCR01WbEtVRVZFVW05SlFVazJaMWx2VVRWQkpUSkdhRVF3ZWpaU09Ib3lSRGhGU0hkeFkwRlRXalJyU1ZSTVpEbE9VU1V6UkNVelJDMTJNdyUzRCUzRCZlbWFp/bD1abkpoZFdSbFFHOTJhQzVqYjIwPSZpZF9zZWdtZW50PU1BPT0mZmlyc3RuYW1lPSZic190cmFja2luZz1PRFUwTWpSZk1qVXhNdz09JmlkX2NhbXBhaWduPU9EVTBNalE9Jm1kNT1NR1EyTkdOaE5tTmpOR0pqTUdKaE16TTNOalEyWldKbU5HWmlOemhtTVRnPQ==
7588004,http://news.tuplanatope.com/cz0yNjI0Nzg4NiZhPTI1MTMmYz04NTQ0MCZlPTExNzEyJmw9MjQ3NTQ1JnQ9YyZscz03OTg0NTMmZD0mZj0yJnJlZGlyZWN0PWFIUjBjSE02THk5amIyNXpaV2xzYzIxaGJHbHVMblZ1YzNWaUxYQmhjblJ1WlhKekxtTnZiUzltY2k5a1pYTnBibk5qY21sd2RHbHZiajlsYldGcGJEMWJLbVZ0WVdsc0tsMG1hV1E5UjB0dGJrWlpVR1V6WV/c1Vlp6bDBWaVV5UWtwRlpIZHVjU1V5UWxSVVFqTlhVbGxOTVRKRFRWQkdlR0pDT0c5SmNFcFZibGhJWjJSRGFXTlhUbG81VjBJNGEwMXNXbEIwUnlVeVFrWk9ibEJ2TmxSVE9VZExaalprZEhsak9GWlhXa1pwT1hBMVMxZFNSRkZ6UTNkSmVuWTFjbUk0UzNaVGMwaFFKVEpHTVNVeVFrVnFjMkl6UVNVelJDVXpSQzEyTXclM0QlM0QmZW1h/aWw9Wm5KaGRXUmxRRzkyYUM1amIyMD0maWRfc2VnbWVudD1NQT09JmZpcnN0bmFtZT0mYnNfdHJhY2tpbmc9T0RVME5EQmZNalV4TXc9PSZpZF9jYW1wYWlnbj1PRFUwTkRBPSZtZDU9TUdRMk5HTmhObU5qTkdKak1HSmhNek0zTmpRMlpXSm1OR1ppTnpobU1UZz0=
7588003,https://conseilsmalin.unsub-partners.com/fr/desinscription?email=fraude@ovh.com&id=GKmnFYPe3anUg9tV%2BJEdwnq%2BTTB3WRYM12CMPFxbB8oIpJUnXHgdCicWNZ9WB8kMlZPtG%2BFNnPo6TS9GKf6dtyc8VWZFi9p5KWRDQsCwIzv5rb8KvSsHP%2F1%2BEjsb3A%3D%3D-v3
7588002,http://news.tuplanatope.com/cz0yNjI0Nzg4NiZhPTI1MTMmYz04NTQ0MCZlPTExNzEyJmw9MjQ3NTYwJnQ9YyZscz03OTg0NTMmZD0mZj0yJnJlZGlyZWN0PWFIUjBjSE02THk5amIyNXpaV2xzYzIxaGJHbHVMblZ1YzNWaUxYQmhjblJ1WlhKekxtTnZiUzltY2k5a1pYTnBibk5qY21sd2RHbHZiajlsYldGcGJEMWJLbVZ0WVdsc0tsMG1hV1E5UjB0dGJrWlpVR1V6WV/c1Vlp6bDBWaVV5UWtwRlpIZHVjU1V5UWxSVVFqTlhVbGxOTVRKRFRWQkdlR0pDT0c5SmNFcFZibGhJWjJSRGFXTlhUbG81VjBJNGEwMXNXbEIwUnlVeVFrWk9ibEJ2TmxSVE9VZExaalprZEhsak9GWlhXa1pwT1hBMVMxZFNSRkZ6UTNkSmVuWTFjbUk0UzNaVGMwaFFKVEpHTVNVeVFrVnFjMkl6UVNVelJDVXpSQzEyTXclM0QlM0QmZW1h/aWw9Wm5KaGRXUmxRRzkyYUM1amIyMD0maWRfc2VnbWVudD1NQT09JmZpcnN0bmFtZT0mYnNfdHJhY2tpbmc9T0RVME5EQmZNalV4TXc9PSZpZF9jYW1wYWlnbj1PRFUwTkRBPSZtZDU9TUdRMk5HTmhObU5qTkdKak1HSmhNek0zTmpRMlpXSm1OR1ppTnpobU1UZz0=
7588001,https://news.zonademaria.com/cz0yNjIzOTYxMiZhPTI1MTMmYz04NTQyNCZlPTc1MzImbD0yNDcxMzgmdD1jJmxzPTc5ODQzNyZkPSZmPTImcmVkaXJlY3Q9YUhSMGNITTZMeTlqYjI1elpXbHNjMjFoYkdsdUxuVnVjM1ZpTFhCaGNuUnVaWEp6TG1OdmJTOW1jaTlrWlhOcGJuTmpjbWx3ZEdsdmJqOWxiV0ZwYkQxYkttVnRZV2xzS2wwbWFXUTlUWFY0YW5wSVlqTmFZMG/N6VDBwR05rdHdVSEJ2ZFNVeVFtMXJjbVpzUmxaaEpUSkdiRFozY1ZoV2JIWlNVRTFFTXpaTVFVcFFZbXhzTm5ZeEpUSkNTRzVSYzFKUlVtRWxNa0pRVUVORlZ6SnZhbXBZTURCR01WbEtVRVZFVW05SlFVazJaMWx2VVRWQkpUSkdhRVF3ZWpaU09Ib3lSRGhGU0hkeFkwRlRXalJyU1ZSTVpEbE9VU1V6UkNVelJDMTJNdyUzRCUzRCZlbWFp/bD1abkpoZFdSbFFHOTJhQzVqYjIwPSZpZF9zZWdtZW50PU1BPT0mZmlyc3RuYW1lPSZic190cmFja2luZz1PRFUwTWpSZk1qVXhNdz09JmlkX2NhbXBhaWduPU9EVTBNalE9Jm1kNT1NR1EyTkdOaE5tTmpOR0pqTUdKaE16TTNOalEyWldKbU5HWmlOemhtTVRnPQ==
7586016,https://www.google.com/search?q=duhenacheque
7586014,https://www.google.com/search?q=mexegisa
7586012,https://www.google.com/search?q=fessamulhi
7583807,https://www.google.com/search?q=rruja
7583744,https://www.google.com/search?q=helicesa
7583155,https://www.google.com/search?q=ssini
7580589,http://www.woodbike.com/
7580567,https://wheregoes.com/trace/20223483164/
7580530,https://support-us.bitflyer.com/access/unauthenticated?theme=hc
7580529,https://support-us.bitflyer.com/?shiny
7580174,https://www.google.com/search?q=ssazenhicha
7580172,https://www.google.com/search?q=gerrevu
7580167,http://www.joefoxphoto.co.uk/
7579992,https://asiahol.com/
7579761,https://t.me/ingmrowenbot
7579667,https://www.terawulf.com/
7579666,http://www.terawulf.com/
7579545,https://www.bullguard.com/
7579363,https://www.hotelxcaretmexico.com/en/
7579362,https://www.hotelxcaretmexico.com/es/
7578910,https://www.x2y2.io/
7578657,https://www.step.com/
7577984,https://www.deutschland.de/en
7577974,http://www.abracadabradj.com/
7577250,https://i.postimg.cc/zXdJpSrF/download.png
7575065,https://coinflip.tech/
7575064,https://www.coinflip.tech/
7574940,https://www.skildery.com/
7574910,https://t.co/YqiiQJaRzT?twclid=2-57o66snk6i5p29suji0kuh924
7574898,https://www.google.com/search?q=cidemituco
7574894,https://www.google.com/search?q=jofache
7574855,https://www.osmwallet.io/
7573580,https://leroymerlin.bolbrac.com/wp-login.php?redirect_to=https%3A%2F%2Fwww.leroymerlin.bolbrac.com%2F&reauth=1
7573401,https://www.google.com/search?q=sachepenhassi
7573330,https://www.google.com/search?q=tisaba
7573312,https://www.sacmhs.org/?FwUzK
7572208,https://www.plantshed.com/
7572082,https://www.thecoinrepublic.com/
7571976,https://m.abrasiontesters.com
7571521,https://parler.com/login.php
7571511,https://durhamfence.com/
7571508,https://changenow.io/
7571507,https://www.changenow.io/
7571344,https://www.google.com/search?q=luleximassa
7571178,https://www.attemplate.com/lam/01cc34d2-365b-4844-9eb8-fc9fe9e8e988/b4c5b3dd-c980-423c-99fe-aaf956cddae0/feff2f90-79cd-4ceb-bb93-669a6ff1e9d9/login?id=c1VpRXlIMEE5NlhHT3BoREdRNTBWemFnbGZSWXJpdGlzeHB5ZnNBVGFjRW05ZUl3Q2xwZStxMnRCSGpBNjdzeWZDTG1HZmhFbWNSSU9DQTk5YVBkVjNGbW5od1N3Z0V5V0c0cXFmUERRK1BsRlhuOXltUHNBUmQ5Nm5qUFBoakNxN01JMEdWcjU1MTd1YlY2bENWblFMQXlhNUlhSWxlU1prbVdZRVllNTc4Z2lxYXAyd3c4UCtVV2sxaUdNc1ZDenN5QWZoWUFCVUlQWTVTbDZERlV0dUhIQzVEd0tjZUlEV1BRRnNQWEM5UytMcnl2ZHZwRklxZmZPcHN2dzlOZEJPeURUaExjdnFpaUpBckpNcFp3bTcxYnRsemFvb1FaaUlaenhsdTBDZzRQanpZVmZuQm55NTN0V1dqQmE3b1VwQTdlbG9UNWJvK25xNW1YZ1czNUFoYTdIaURKbWU2MXRmRVhVazNOa08zYTRnTXNWYnpZeTA0ZG5ldHdJNDlm
7570479,https://www.test.com
7569934,https://www.wika.com/en-en/startpage.WIKA
7569912,https://sedo.com/search/details/?partnerid=50162&language=d&domain=cleanvision.de&origin=partner
7569613,https://www.google.com/search?q=zokaleli
7569327,https://www.google.com/search?q=nhemaquoyopi
7569310,https://www.google.com/search?q=quedudu
7569263,https://href.li/https://direct.credit-suisse.com/
7568531,https://sedo.com/search/details/?language=d&domain=transcash.de&partnerid=50162&origin=partner
7568392,https://www.bdc-canada.com/
7568391,http://bdc-canada.com
7568080,https://www.amazon.es/gp/f.html?C=16I03DCWM24AE&K=OC3I5GZVFPT9&M=urn:rtn:msg:201907270740090fcd07926a00407aabfbb1a6d740p0eu&R=3FFYI49E94KHS&T=X&U=https%3A%2F%2Fwww.amazon.es%2F%2Fgp%2Fgss%2Fo%2F1A8z72T4Gt.d0muzTkrlHqEexUUijuKtjJrYr1KycAG2AzSBJB.D2l6BmGyrhR2QU&H=ZI86PHOBPWALSZJQYAGVDYQLZGIA
7568079,https://www.amazon.es/gp/r.html?C=16I03DCWM24AE&K=OC3I5GZVFPT9&M=urn:rtn:msg:201907270740090fcd07926a00407aabfbb1a6d740p0eu&R=2K7KL89CLYC9R&T=C&U=https%3A%2F%2Fwww.amazon.es%2Fb%2Fref%3Dpe_2677481_391478691_pe_lf10%2F%3Fnode%3D827231031&H=FVP50I3SK9CWSBAMBIFDWK0SIRAA&ref_=pe_2677481_391478691_pe_lf10
7568070,https://www.amazon.es/gp/f.html?C=NZC0HUKTF6RY&K=3225XXJXQHND0&M=urn:rtn:msg:20190319104325b0599bfee8d5463187c8a6550e20p0eu&R=8XUUJWQ8DCVS&T=C&U=https%3A%2F%2Fwww.amazon.es%2Fgp%2Fitem-dispatch%2F186-5753533-5262249%3F%26action%3Dadd-to-registry.wishlist%26asin.1%3DB07KMBG257%26submit.add-to-registry.wishlist.x%3D1%26submit.add-to-registry.wishlist.y%3D1%26ref_%3Dpe_4004711_362297821&H=KZX4FPXYAMACTDSOCDEUBECUJFEA&ref_=pe_4004711_362297821
7567626,https://www.google.com/search?q=quurreka
7567618,https://www.google.com/search?q=bisihaxuku
7567386,https://i.imgur.com/NzRercn.jpg
7566926,https://www.google.com/search?q=surreruhi
7566923,https://www.google.com/search?q=gogo
7566616,http://www.registracom.com.br/index.php
7566615,https://www.registracom.com.br/index.php
7566418,https://www.google.com/search?q=voquechelelhu
7564610,https://www.google.com/search?q=lalhigado
7564604,https://www.google.com/search?q=miwu
7563906,https://www.shiba-inu-japan.jp/
7563890,https://balancer.fi/
7563889,https://www.balancer.fi/
7563465,https://www.aftermarket.pl/domena/pgmtech.pl/?_track=53c03ec5b07c7524bd1c8c71a0aa5124
7563445,https://www.google.com/url?q=https%3A%2F%2Fbit.do%2FfUvHR&sa=D&sntz=1&usg=AOvVaw2p77g9B9z6nOxrsIISHSf4&id=7220
7563205,https://interbank.pe/prestamos-creditos
7563101,https://github.com/embium
7561974,https://www.bbva.es/personas.html
7561404,https://www.advantageservices.co.uk/
7561396,http://www.versaillesrestaurant.com/
7561390,https://www.dji-store.it/
7561384,https://www.google.com/url?q=https://share.hsforms.com/1E2In2rNiS06eqgw9GwhHCQ4htmx&source=gmail&ust=1588389624556000&usg=AFQjCNHcBvV7txdjK5Z77YHKJwP0iI4LKQ
7561341,https://mailchimp.com/en-gb/help/the-unsubscribe-merge-tag/#Before_you_start
7561132,http://www.americanexpress.co.jp/
7561127,https://sm.ms/image/acjASv8IOkozp1L
7560646,https://www.google.com/url?q=https://fanm.co:2096/?goto_app%3DEmail_DiskUsage&source=gmail&ust=1652507772601000&usg=AOvVaw0aJE4kWBpWLF-Kr6I5WPyy
7560523,https://yellowelite.com/unsubscribe/
7560288,https://www.google.com/url?q=http://Amazon.co.jp&source=gmail&ust=1614871210002000&usg=AFQjCNEMw9MfA2k0S825BPDYqkSR4Plycg
7560231,https://www.google.com/url?q=http://office.com&source=gmail&ust=1589760306668000&usg=AFQjCNEH6A0m_iuJ_vEgm5yyusyavdtRmQ
7560130,https://www.google.com/search?q=cat
7555251,http://symantecrenewals.co/index.php/lists/fj390mpdfea4a/confirm-unsubscribe/ho490coxkv9fc/ak962krl40050
7555250,http://symantecrenewals.co/index.php/lists/fj390mpdfea4a/unsubscribe/ho490coxkv9fc/ak962krl40050/unsubscribe-direct?source=email-client-unsubscribe-button
7555164,https://www.priceflow.it/
7554359,https://www.google.com/search?q=bize
7554186,https://www.saturntreeseven.com/o-lfhg-e71-46cbc0d6ee1414bda57c001fda26b093
7554184,https://ah4r.rentals
7554114,https://www.sabadellpagofacil.com/?tsmsrefuerzo
7553919,https://info.naturgy.es/portals/p/;jsessionid=CAE44704A6B96EC0D81A4E50D9676F96
7552963,https://www.google.com/url?q=https://zpr.io/z5qbjJVLrGqD%23info@hpil.co.in&source=gmail&ust=1654912196079000&usg=AOvVaw38Izakjf-Ut4-Tf20Sr-Jq
7552344,https://www.google.com/search?q=fokoralu
7552342,https://www.google.com/search?q=diyexu
7551866,https://www.google.com/url?sa=t&rct=j&q=&esrc=s&source=web&cd=&cad=rja&uact=8&ved=2ahUKEwijx_vRzfj1AhXOTjABHey1CPkQFnoECBAQAQ&url=http%3A%2F%2Fwww.servientrega.com%2F&usg=AOvVaw0A8SDqW3v1yFJz7tLvAWmf
7551796,https://euro-congress.org/esc/esc-2022-individual-registration.html
7551795,https://www.petchgems.com/
7551733,https://www.itau.com.py/personas
7551600,https://www.theflxedfloat.org/
7551466,https://dskbank.bg/en
7550605,https://www.google.com/search?q=nheju
7549186,https://www.interspar.at/
7549160,https://kando.tech/company/banco-original
7548610,https://decoded.polkadot.network/
7548187,https://www.atacadao.com.br/
7548085,https://internet-banking.dbs.com.sg/IB/Welcome
7548008,https://nothingphones.com/
7547938,https://www.livescore.com/en/
7547173,http://mendami.com/?serv=osteopathe-a-marseille.fr
7546497,https://www.interserver.net/contact-information.html
7544442,https://1196b.com/
7544438,https://1196cc.com/
7544422,https://www.1196d.com/
7544387,https://www.1196pp.com/
7544385,https://1196q.com/
7544382,https://1196z.com/
7447358,https://phishtank.org/phish_detail.php?phish_id=7447356
7446523,https://www.hoganlovells.com/
7446522,http://hoganlsovells.com
7446297,https://urlscan.io/result/54828742-4502-4c6c-9477-1eef78cee145/
7445627,https://urlscan.io/result/17a3a8f5-2eba-40cc-99bd-662d2d92082c/
7445622,https://www.zkb.ch/de/ueber-uns/jobs-karriere/business-services.html
7445507,https://urlscan.io/result/ed6aed8c-b74f-4e07-9a56-cd02ebd416b0/
7445468,https://urlscan.io/result/f4ea1ed1-8c66-47d0-9176-05ea64db81d9/
7445439,https://urlscan.io/result/f4a92d7a-c26b-4917-afc5-d7d396d39b49
7444719,https://urlscan.io/result/50f9b33d-71f6-420f-8a40-76664b416008/
7444152,https://www.careersatviterra.com/
7443961,https://learn.fiverr.com/?utm_source=354982&utm_medium=cx_affiliate_learn&utm_campaign=&afp=&cxd_token=354982_15625404&show_join=true
7443939,https://www.credicard.com.br/cartoes/blog/como-consultar-fatura
7443913,https://www.mueller-services.de/
7442502,https://www.cartoonnetwork.es/juegos
7442394,https://www.aeoncredit.com.my/
7441805,https://www.ibuyyoga.com/onzie.html
7441803,https://chancellor.company/copyright-2022-chancellor-all-rights-reserved/
7441801,https://www.9thstreetitalianmarket.com/nstn/2/cooking-utensils
7441790,https://fnxx.info/ed7928bb3l70bf455et918fe8bdaa35b2c89.html
7441788,https://fnxx.info/ebd594a46l569448c5t9e9b34b4af015fc29.html
7441785,http://download.gaga.tw/
7441766,http://www.nanoworld88.narod.ru/data/329.htm
7441765,http://finivero.wz.cz/nabidka.html
7441763,http://www.mortgagestats.com/sign-in
7441761,http://musicjourney.net/index.html
7441750,https://ctrustglobal.com/caribbean-passport/
7441741,http://buckhrsolutions.co.uk/scotiabank
7441724,https://hotshots.cc/
7441722,https://www.scmagazine.com/analysis/cybercrime/us-banks-warned-of-possible-cyberattacks-amid-russia-ukraine-tensions
7441721,http://ow.ly/Ngqr50HRjig
7441719,https://globecaqwe.weebly.com/
7441718,http://globecaqwe.weebly.com/
7441603,https://portal.webmoney.jp/card/spd.jsp?tmpl=balanceComp
7441529,http://www.brujitafr.fr/archive/2011-10/22
7441528,http://brujitafr.fr/archive/2011-10/22
7441506,https://search.mapquest.com/solana
7441504,https://t.me/jefferymoresystem1hr
7441490,https://www.freethink.com/space/hibernation-space-travel
7441489,https://www.freethink.com/culture/nfts-street-art
7441488,http://www.teleph.top/apps.html
7441485,https://www.control.cnt.br/
7441483,https://www.consumer.equifax.ca/personal/help/faq/ca-difference-ecs-ecc/
7441169,https://www.guaxufios.com.br/
7441168,http://www.guaxufios.com.br/
7441158,https://conversations.im/
7441156,http://docs-bancopichincha.toc.com.ec/bank/
7441144,http://www.printablekosherrecipes.com/
7441142,https://lifehacker.com/how-to-get-your-tax-refund-as-fast-as-possible-this-yea-1848500370?utm_source=twitter&utm_medium=SocialMarketing&utm_campaign=dlvrit&utm_content=lifehacker
7441141,http://dlvr.it/SJgHxM
7441035,http://moneyflip.cc/product-category/paypal
7441034,http://www.clearforkfarm.com/
7441033,http://cikgugrafik.com/2020/12/fail-persediaan-mengajar-2021-lengkap.html
7441028,https://www.business.att.com/industry-solutions/connecting-caregivers.html?utm_source=dlvr.it&utm_medium=twitter
7441027,http://dlvr.it/SJdJJK
7441025,https://www.red-by-sfr.fr/info-clients/evolution-data-5g.html?code=REF1&line=0644032802
7441024,https://sh.sfr.fr/short/32749/NNJeHOt3RmPZ0AvU9waHhvhmcMC9jP5H6vq8t0cfROHqLWS8WvNAE1_8RscCc85p/32749_9287_3/?cl=C00000037004&ct=000132413&sid=F52-0646804451&Ligne_NDI=0644032802
7441023,http://cl.exct.net/?qs=2ac19904382715f846a36aaddcfddddcc40efd0954c230661271c21609f5e0cab6492004cf61d6c1ab2cc280d59b804ae3a59270bd3548162686ac2e6d3cd4b2
7441022,http://designhubconsult.com/how-to-apply-for-outdoor-advertising-license-in-nairobi-county/
7441021,http://designhubconsult.com/how-to-apply-for-outdoor-advertising-license-in-nairobi-county
7441020,http://www.m-tec.cc/article04.html
7441017,http://login.circle.so/sign_in?request_host=connect.nexuslabs.online
7441016,http://www.cikgugrafik.com/2020/12/fail-persediaan-mengajar-2021-lengkap.html
7441014,http://login.circle.so/sign_in?request_host=community.risingabove.social
7441006,https://windows-live-messenger.softonic.nl/web
7441003,http://dlvr.it/SJd2pM?ticketid=z6oya7vmh1wvomsgxaxs-1k5t54ohdhmpkm8cpagne7-re024wdy6iv5cyum-wt4ul5keqxjrtvh2w8-egbn4a
7440998,http://dlvr.it/SJd2fd?ticketid=m4c4ulsegggqw2leqy1d-x0o2pca0kvadb9ei8c8b42-wira822qjyaho9mu-2bowsv9764vgn1rnez-bsxhc0
7440997,http://crespomods.com/
7440994,https://discord.com/invite/XXf3jD2ddU
7440991,http://custombusinessresults.com/
7440990,https://www.cikgugrafik.com/2020/12/fail-persediaan-mengajar-2021-lengkap.html
7440985,http://bancooccidente.co/wps/portal/banco-de-occidente/bancodeoccidente/para-personas/tarjeta-de-credito/promociones/clasica-pago
7440984,http://svetlayapamyat.com/
7440953,http://bancooccidente.co/wps/portal/banco-de-occidente/bancodeoccidente/para-empresas/tesoreria/inversion/futuros
7440952,https://tsz-blaugold.de/mitglied-werden/
7440950,https://encue.blogspot.com/
7440946,http://miro.com/marketplace/microsoft-teams/?backUrl=/marketplace/
7440942,https://www.appletonapplianceservice.com/
7440941,http://appletonapplianceservice.com/
7440940,https://bit.ly/35ZZfCP
7440938,http://creicopiinfo.com/
7440937,https://agungtebaru2013.blogspot.com/2013/10/pengertian-dan-contoh-domain_9.html
7440927,https://account.boyum-it.com/Account/Login
7440920,https://sts.zb.co.zw/adfs/ls/?wa=wsignin1.0&wtrealm=https://mail.zb.co.zw/owa/&wctx=rm=0&id=passive&ru=/owa/&wct=2022-02-09T13:39:29Z
7440918,https://seminariostop.com/
7440917,http://seminariostop.com/
7440914,https://trustandsafety.cloudflareaccess.com/cdn-cgi/access/login/trustandsafety.cloudflareaccess.com?kid=8620e09b17716f26992337f55701ee9f831aaa49537c739dfd5321375bac38e9&redirect_url=%2Fbrowser%3Furl%3Dhttps%3A%2F%2Fgrjdvcvg.cn%2F'&meta=eyJraWQiOiI1MmNjMzA4ZWNjYTAzZTVjZDk3NDcyMGYwYmI2MzVlZTg2MDQ1ZmE5M2MzNDFiNTlhNzM5NDExNTQxOWY0Y2M5IiwiYWxnIjoiUlMyNTYiLCJ0eXAiOiJKV1QifQ.eyJzZXJ2aWNlX3Rva2VuX3N0YXR1cyI6ZmFsc2UsImlhdCI6MTY0NDUxMjY3Niwic2VydmljZV90b2tlbl9pZCI6IiIsImF1ZCI6Ijg2MjBlMDliMTc3MTZmMjY5OTIzMzdmNTU3MDFlZTlmODMxYWFhNDk1MzdjNzM5ZGZkNTMyMTM3NWJhYzM4ZTkiLCJob3N0bmFtZSI6InRydXN0YW5kc2FmZXR5LmNsb3VkZmxhcmVhY2Nlc3MuY29tIiwidHlwZSI6Im1ldGEiLCJuYmYiOjE2NDQ1MTI2NzYsInJlZGlyZWN0X3VybCI6IlwvYnJvd3Nlcj91cmw9aHR0cHM6XC9cL2dyamR2Y3ZnLmNuXC8nIiwiaXNfZ2F0ZXdheSI6ZmFsc2UsImlzX3dhcnAiOmZhbHNlLCJhdXRoX3N0YXR1cyI6Ik5PTkUifQ.jaCFtJmsApC-ZgLyK7-rcofbcqDx9nRdwS6Yn4Ar-hD9bS4z7hNAHRyp16p24d6kpS10DceALjIKYCzcqYr9I5rHaUkNf41oTGgawyEW7Ytd-8ArjdmSfOwD7h53oEtanVUCdEQk1YAZW7NPE91axOlM2eDumWs8GdoOANC7P9pHfnuoVdY7F32gZ4nETdE_zzUQV7y3LocIqsCNkPUkTEqsOqbTNq7RJx-qqz46hHqDpXFRldQwm1Q2NJZbr0L6ss_SNWQ-GNGmiqTAys4lkQoLn_BqwA-adDGBf25AK5NNrnvF-hSwxUBiVwZv7KdQHGQHNkZQeKOXysxolNbDpg
7440913,https://trustandsafety.cloudflareaccess.com/browser?url=https://grjdvcvg.cn/'
7440906,http://www.inrad.org/fall-2021-meeting.html
7440896,https://hessendesign.de/
7440890,https://standardcharteredfuturestate.udemy.com/organization/invitations/invitation-verification-required/?data=3%40mM4s83JHMo1oy3hoRibGll_YuIYqAzGI-MD9_qN6Ul29nzpYdeg7wj_a3g_Qa39rO66MlY2jSPECaDUDq9XvG-5klB3tMzNrCg%3D%3D&utm_source=Invitation&utm_medium=Email&utm_campaign=Automated+reminder
7440875,https://www.windocyte.com/nam/7ed69c5a-8c2f-4818-a388-8896f0b74c8d/df893198-40b1-43e2-a1a4-4677965257c7/b1e063a1-85df-45fe-ae71-fe456a830376/login?id=eDVsNnZtUlIyWHJHY0VBek5LU244T0RUTXByaDZMUy84Zk91ZnU0d2ZpTVVFQWprblB5Q2p1eG5EKzFTWkVVcjdvSUdBckVybldrUzJxRlo5L212R2tsZnhnYkxyWmNuY1Fra0VocVVvbXV5eDI4ZGpsb3QxenBzVnJWeWI0dnhQN1BqT1dBaXROdzZMSXRkNWlTTHlrM2F1eFo4VkxhLzZHRmxzQyt3dFRoK1VpKzh5Si9iOFp2NHU2WDJubm8yNEhaTkdpaXlHcXpSWnVPMkFsUDJkdHlvZG5Ha0FIOXdpejltMTNlVUY0eEZCL2M1UTlXd1VueXhIdis3MFAxTlZ3WXI0NDJ2U2V0SWFROVFsRkRpUi9qRlFnTjl4NDE1K2JTby9FVzQvT042dFh0UlpVcjlHR2RaM2ZYV1V0aXg0bWZ2NXpmS1p0TkI1SlJ3b1Vka3pRPT0
7440853,https://urlscan.io/result/2b7c19de-15c2-4d7d-9671-299c03c2154b/
7440795,https://fnxx.info/edfff6b5el0833455dt9752611fa0c74aaf8.html
7440789,https://fnxx.info/ece86b0f6l7fd34ea6tb8beca53a3c399773.html
7440787,https://fnxx.info/ea0c1024alab6c409ct99d3871da1857a830.html
7440786,https://fnxx.info/e8fa1a0d1ldb034ccdt968708e8a99219970.html
7440785,https://fnxx.info/e8e17cd1cl0e2849eat8e43d220adcb9e8ba.html
7440779,https://fnxx.info/e6e7a0fd4lea544da3ta8747b34a1db66618.html
7440778,https://bridgestoworkapp.com/activate/ot2rp0yypdo55lmjnlcdujnnymnnedhw/
7440777,http://bridgestoworkapp.com/activate/ot2rp0yypdo55lmjnlcdujnnymnnedhw
7440776,https://fnxx.info/e30841888l692d4038t8d6fe761a655dfce9.html
7440775,https://fnxx.info/e1753abe6l707f49b3t9faa7a12a0cc5bcd4.html
7440773,http://cyclotrongroup.com/microsoft-teams-and-extension-dialing
7440768,https://cyclotrongroup.com/microsoft-teams-and-extension-dialing/
7440767,https://cyclotrongroup.com/microsoft-teams-and-extension-dialing
7440763,http://m.me/join/AbbqS1_fVCMMkfJn?_fb_noscript=1
7440762,https://www.amazon.in/Bosch-TrueMixx-Pro-Grinder-Watt-MGM8842MIN/dp/B07MKMFKPG/ref=zg_bs_1380045031_14/260-4392816-4648112?_encoding=UTF8&psc=1&refRID=JTN7T9YATRAF08D519M9
7440761,https://bit.ly/3gylgcl
7440760,http://downloads.fyxm.net/download-now-ActiveXperts-Network-Monitor-Network-Tools-Network-Monitoring-23287.html
7440758,http://m.me/join/AbbqS1_fVCMMkfJn
7440757,https://www.consumer.equifax.ca/
7440756,http://www.consumer.equifax.ca/
7440754,http://downloads.digitaltrends.com/whatsapp/ios/post-download
7440753,http://myebox.be.appzichtknm.com/
7440752,https://files.fm/f/8pzvw84rk
7440751,https://www.felixgonzalezeportfolio.com/
7440750,https://felixgonzalezeportfolio.com/
7440720,https://distribuidorasibon.com/
7440719,http://distribuidorasibon.com/
7440714,http://certificadosatributos.com/
7440712,https://linktr.ee/topcoatproducts?utm_source=EX%20%7C%20Engaged%20Over%20All%20Time&utm_medium=email&utm_campaign=EXCA%20%7C%2002.07.2022%20%7C%20Valentines%20His%20%26%20Hers%20Kit%20-%20Email%202%20%28SpLpu5%29&_kx=StpqfxKEXZNJ4R8J-3vyS-yoDhJ5Lqb4tQpJ41YvEss%3D.WNsE7Z
7440711,https://trk.klclick2.com/ls/click?upn=-2FmV-2ByzskUtCm-2FKJOi18Qcq-2BSBv8auhKOASazvs5Cq77NoJw7jzRl3maVpn1CkCEINjWRGCoakhEdXNI0GlzerhDqzEsJr-2BNTbw5P5yEP5JHlPAsxkjhllxdlB2GL9f7qzZJOmEk6gD2xQS7jeSYKrr5xzmmeeSeRtqdu5yJhi3c-2FSUzm5uRWlowMZo3gPBzJXicPDyYx1N6HJXCwsJUO4rIiJDwcf6GHLaMJYDnEuW2b596ram8NaPnEYnM5Xp13tv3l4ksaHYpF2KrMxZtZ90cy-2FR9eWGzyVbqA-2FDo-2FPIrDvHSKzjp8Ox4bXBbgQ4kGCgRq66Usgng5XfyDhkdtewY3AWVJB21dv41YebulNM06EXX4wKBT431-2B8zCbD0FsXreP_tp1PuwLdWez8te8s-2BRM9Cquyy8Mybsx6WjJl-2F6j-2FyzWFvlvRW7YqZ7PICArxNHNW102AXQbJTD2I28SPBuTrLLDoKI27zhjkUvBmhS7ssTFKXOek-2FdZiBt6OKnXz9Bjyw9R0L73kTulYsmsX5eb1piqu-2BvIPc81xuwoywyQVFFxCW0P-2BdtwuO0AkOilrTora4RVK5pQew1ciehHjkJBkrrrAIvWy0IhbkO4q8NE9e4EFvUzC85-2BHzV1YKLJcAby0JAeix6-2BBmO-2FHS8Bpnhp7u-2Bnjl9Y8y6CxHTdoXTLkDnWs-2FypB0ZSipDpUVVO7jh5R1WkAGZ0ilwAYwi30vqA4VD6su49cG6KqQmZA0WKXSDuYyjcNewkKyPS9w2FEbrW8
7440710,https://amirdahan.schoolyland.co.il/
7440709,http://amirdahan.schoolyland.co.il/
7440708,https://echo7.bluehornet.com/ct/59488060:JcT6TfEqN:m:1:3055175495:DD89AAA3507709A04EBC273824E37868:r
7440707,https://www.zdnet.com/article/irs-to-end-id-me-facial-recognition-effort-after-widespread-backlash/
7440706,https://packetstormsecurity.com/news/view/33079/IRS-To-End-ID.me-Facial-Recognition-Effort-After-Widespread-Backlash.html
7440705,https://www.moneyflip.cc/product-category/western-union/
7440703,https://moneyflip.cc/product-category/western-union
7440696,https://interbank.pe/solicitar/tarjeta/adicional/inicio?mcid=mobile:sms:00-2021_tarjetas_adicionales:sms:rescate
7440695,http://bit.ly/3uDwbZr
7440688,https://hi.gethuman.com/phone-number/Microsoft-Excel
7440687,http://hi.gethuman.com/phone-number/microsoft-excel
7440684,https://hi.gethuman.com/phone-number/DHL-Express
7440683,http://hi.gethuman.com/phone-number/dhl-express
7440682,https://hi.gethuman.com/phone-number/Citibank
7440681,http://hi.gethuman.com/phone-number/citibank
7440674,https://cheerseeftapps.com/feed/posts/everything-you-need-to-know-about-trumps-supreme-court-pick
7440673,http://cheerseeftapps.com/feed/posts/everything-you-need-to-know-about-trumps-supreme-court-pick
7440672,http://2a12a.shop/lyejtny
7440665,https://chaseitrecords.com/
7440663,http://www.sistemitotocalcio.it/carlo_fagioli_promozioni/fagioli_totocalcio_promozione.htm
7440662,https://svetlayapamyat.com/
7440653,https://iifs.org.in/
7440644,http://147.182.129.129/
7440641,http://krebsonsecurity.com/2022/02/irs-to-ditch-biometric-requirement-for-online-access/?utm_source=rss&utm_medium=Sendible&utm_campaign=RSS
7440635,http://krebsonsecurity.com/2022/02/irs-to-ditch-biometric-requirement-for-online-access/
7440630,https://lt.mydplr.com/3b816602eef476be58b3b925bede8306-a0ed907614e174ca8385d2960d213c43
7440629,https://lt.mydplr.com/3b816602eef476be58b3b925bede8306-7d10a6180c6de60adb6cfd6e00a86fef
7440626,http://vk.me/join/HVtjW_YqUqSeFsx8pIP/qpX5lUf3Zl_FNB8=
7440625,https://cartoes.itau.com.br/cartoes/72/portfolio/?utm_source=extra&utm_medium=parceria&utm_campaign=sms&cpg_s=xtr_sms
7440624,https://bit.ly/3GzYFtt
7440623,http://click.pstmrk.it/2sm/home.color.com/privacy-policy/tEvVuikN/36sw/tBoKum7jol/Q292aWRCZW5lZml0c0VtYWlsQ29uZmlybWF0aW9u
7440622,https://liquidcheats.com/
7440621,https://bit.ly/3GvVHp8
7440614,https://kingstongrange.com/
7440613,http://www.kingstongrange.com/
7440608,http://vk.me/join/AJQ1d/oCux_pdsDTVztKLdBC
7440473,https://urlscan.io/result/c5fe9f18-ac9f-4c88-9c48-f4b54193c5a2/
7440464,https://smartcontractsez.com/
7440385,https://lindenthomas.com/
7440384,https://www.lindenthomas.com/
7440299,https://bitcoin4u.ca/
7440298,https://webmail.bellahills.com/
7440081,https://www.freethink.com/technology/passing-the-turing-test
7440080,https://www.freethink.com/technology/digitl-twin-supply-chains
7440075,https://simp.ly/
7440070,https://us.coderhouse.com/online/carrera-online-desarrollo-fullstack?planes=1
7440069,https://bit.ly/3nM4z2u
7440068,https://yro.slashdot.org/story/22/02/07/212201/irs-to-end-use-of-facial-recognition-to-identify-taxpayers?utm_source=slashdot&utm_medium=twitter
7440067,https://bit.ly/3LhbHhG
7440066,http://thursday.com/password
7440060,http://pn-tilamuta.go.id/2016/05/18/peran-aktif-pasif-hakim-perdata-dan-implikasinya-terhadap-akses-keadilan
7440057,https://linktr.ee/playzibeatz
7440056,http://playzibeatz.com/
7440055,https://treasuredslave.com/
7440034,https://www.pixelcrafttraining.co.za/
7440033,http://pixelcrafttraining.co.za/
7440031,http://www.audible.ca/pd/This-Is-How-They-Tell-Me-the-World-Ends-Audiobook/1635577179?asin=1635577179&source_code=ASSORAP0511160006&share_location=player_overflo
7440028,http://www.audible.ca/pd?asin=1635577179&source_code=ASSORAP0511160006&share_location=player_overflo
7440018,https://login.circle.so/sign_in?request_host=connect.nexuslabs.online
7440017,https://login.circle.so/sign_in?request_host=community.risingabove.social
7440014,http://peatix.com/signin?to=https://project-zomboid-map-download.peatix.com/view
7440011,http://vk.me/join/x9m1M7m6RWCEfpkvSTb2ZjFXL_SXxFKhwYk=
7439991,https://sts.zb.co.zw/adfs/ls/?wa=wsignin1.0&wtrealm=https://mail.zb.co.zw/owa/&wctx=rm=0&id=passive&ru=/owa/&wct=2022-02-08T15:33:23Z
7439990,https://sts.zb.co.zw/adfs/ls/?wa=wsignin1.0&wtrealm=https://mail.zb.co.zw/owa/&wctx=rm=0&id=passive&ru=/owa/&wct=2022-02-08T03:45:15Z
7439989,https://fnxx.info/ef66440e5ld07c40cbtbc4dba4aa68823c95.html
7439988,https://fnxx.info/ee2d32244l7f68496cta3224b66abb9d2002.html
7439987,https://fnxx.info/ed1232084leb604a12t9d52fdb7a55b25665.html
7439984,https://fnxx.info/e9053884blfe144542t94685258ac5fe8e19.html
7439983,https://fnxx.info/e792adc9flaa914c0ctb411a334a107be5af.html
7439981,https://fnxx.info/e61702312l6ff346a2t929d8f39a006e4d40.html
7439980,https://fnxx.info/e0cb24d06l7f92492ctb0ad7a35acc3421c9.html
7439974,https://www.groo.co.il/deal/pasta-mia-wilson-meal-for-two/1008132/?iTrack=FyZPVZGclauAHzD_3MPsDGAXEhcKZCt_TsFyZPVZGclauAHzDtS
7439973,https://bit.ly/3GoWmbe
7439968,https://m.me/join/AbbqS1_fVCMMkfJn
7439950,https://miro.com/marketplace/microsoft-teams/?backUrl=/marketplace/
7439949,https://scanmail.trustwave.com/?c=12185&d=oJOC4g9WVhEOU1wcO2vQvFoHPr67uZu93wVVizc_6g&s=33&u=https://www.ups.com/one-to-one/login?appid=TRK_MC_CTA&returntotext=Manage Preferences&WT.z_eCTAid=ct1_eml_MgePref__ct1_eml_qvn_eml_resi_5shp&WT.z_edatesent=02082022&returnto=https://wwwapps.ups.com/ppc/ppc.html/preferencePage/mychoicePreference?loc=en_US&specMessType=qvnResidentialEmail
7439948,https://scanmail.trustwave.com/?c=12185&d=oJOC4g9WVhEOU1wcO2vQvFoHPr67uZu93wRSimdpuw&s=33&u=https://www.ups.com/deliverychange?loc=en_US&trackingNumber=1Z032FA50394404532&mediaType=03&productId=QV&clientId=NOT&WT.z_eCTAid=ct1_eml_ChgDel__ct1_eml_qvn_eml_resi_5shp&WT.z_edatesent=02082022
7433505,https://projects.propublica.org/nypd-ccrb/commands/narcbbx
7433503,http://lnkd.in/eq8vmv99
7433499,https://fnxx.info/e6cfbb7bcl599545e2t877f934cadc5291b1.html
7433498,http://roubaix.free.fr/NEWWEB/EGLISE/SAINTMARTIN/FR/AMR/1922.html
7433494,https://fnxx.info/e6b304bd5lbbb4464at8ba6ea7dae9c0e35c.html
7433491,https://fnxx.info/e6ad8b08flc87d4be5tb59507e4a8fdf8f1e.html
7433489,http://lnkd.in/eMpheHCx
7433488,https://fnxx.info/e64e36738l83d54fadtb00dda5fa7c0c6ddc.html
7433483,https://hopin.com/organisers/events/craftcon/overview
7433479,https://hopin.com/beta/sign_in
7433478,https://hopin.com/organisers/events/craftcon/dashboard
7433475,https://lnkd.in/e7KbApSp
7433466,http://support-download.com/services/device/webhlp/ricoh/jp/v030/ja/p_top010.html
7433457,https://www.windocyte.com/nam/7b4bd27c-0559-4011-bd2a-ae82816396f2/02e59652-3cc3-459d-be30-97a7063857ef/fbff7759-6cd7-4c1d-a2dc-b31b37aaf502/login?id=SDlsemE2TnpTNGhKWGxpc1pydFY4dGVNVHp4NW1ublBUTEYxWVUxYTEyQ0dGZDRvQ0ozSDhFUVpFSmdyZFA2UUtuNmJpdGNaZlZWSTU0ZEdRdHBleFhpUVNrWlpPTFVkOXlLT2NYaVFKZVdEOTlnQ3lsb2lDaWIreVJRU1FxUXZEMkJaQjR0aWp5TGFTTWg0Z0ZIRXNxejhiajQwdmUyQzFpa3N2ZENkSmhORXREdEZKb1N0Z3NrazJuTHZFOUZreURGVjJQSGZqWExHMzR2a3RENGQ3MjZ1TWMrUDhBVUpUdzdSbGFGZUkycVF4SjIyekNQWHF4Yk1Yd2R0dkk0cHBMdDhDZTJwMDhRRW1kRVY5N1REa0RXemhaUENYc2Y0dERJZlA5U2VlZXNEM3p2MWhOWml0VGE4WG1LYzMzR0FBaUJXK1BpQXBTYUducE5KMjFrZUNnPT0
7433455,http://at.atwola.com/adlink/3.0/5113.1/4275487/1/16/AdId=9078007;BnId=1;link=
7433454,https://fnxx.info/e2ff4b0afl34bd4d43t98cadbb2ad304face.html
7433453,https://projects.propublica.org/itemizer/filing/1563809/
7433450,https://fnxx.info/e2f5c579ale0f14fa9t95d35e1ca28da9798.html
7433449,https://projects.propublica.org/itemizer/committee/C00099259/reports/YEAR-END
7433446,https://www.ined.nl/gmail-koppelen-met-domein
7433445,https://packetstormsecurity.com/news/view/33061/Apple-Pays-100.5K-Bug-Bounty-For-Mac-Webcam-Hack.html?utm_source=dlvr.it&utm_medium=twitter
7433444,https://threatpost.com/apple-bug-bounty-mac-webcam-hack/178114/
7433443,https://packetstormsecurity.com/news/view/33061
7433442,https://taftcommunications.sharefile.com/d-s7c3e884aceda4e1fa5c7cb39ec04645a
7433441,http://ow.ly/lazo50COkZZ
7433440,https://myhub.autodesk360.com/ue2d930c5/login/api/hubs/5318081/
7433437,https://myhub.autodesk360.com/ue2d4c2f9/login/rest/facade/corporateinvitesettings/
7433434,https://myhub.autodesk360.com/ue2d201ad/g/projects/20181112159955476/data/dXJuOmFkc2sud2lwcHJvZDpmcy5mb2xkZXI6Y28uVVlaa0E4Y0hRUnlJbVE2cGdPTHByQQ/dXJuOmFkc2sud2lwcHJvZDpkbS5saW5lYWdlOndqVHNMWElwU3kyUWhrc2hYRUIwdWc/viewer
7433433,https://myhub.autodesk360.com/ue2d201ad/g/projects/20181112159955476/data/dXJuOmFkc2sud2lwcHJvZDpmcy5mb2xkZXI6Y28ueDcwNWk5WjBRU0NZdjhNTFlSaFAzUQ
7433432,https://tech.slashdot.org/story/22/01/27/1735245/whatsapp-gets-eu-ultimatum-after-new-terms-spark-backlash?utm_source=slashdot&utm_medium=twitter
7433431,http://bit.ly/3u6Szgk
7433428,https://boreoccidentales.com/english/cataracta/author-berard/vita-nostra.html
7433427,http://boreoccidentales.com/english/cataracta/author-berard/vita-nostra.html
7433426,http://macamlawak.blogspot.com/2015/11/nabi-isa-as-akan-muncul-sebagai-manusia.html
7433425,https://us.wstabk.com/
7433424,https://www.bsigroup.com/en-GB/validate-bsi-issued-certificates/
7433420,https://fnxx.info/e1a4128c4l4b654e5ata3dc8324a5803271e.html
7433419,https://fnxx.info/e19cc48eal42a74719t8419041bad212c88e.html
7433418,https://myhub.autodesk360.com/ue294a91f/login/api/hubs/663330/
7433417,https://myhub.autodesk360.com/ue286e404/login/api/hubs/2029490/
7433413,http://search.searchtmp.com/?source=bing-bb8&uid=b3041825-04de-42e7-8371-6e96a65f4860&uc=20180121&ap=appfocus29&i_id=packages__1.30
7433411,https://todoist.com/Users/showLogin?success_page=%2FshowTask%3Fid%3D4867870917%26sync_id%3D0
7433410,https://bit.ly/3ghjRbj
7433403,https://projects.propublica.org/coronavirus/bailouts/loans/east-village-tavern-llc-1310407301
7433401,https://ismg.events/summit/anz-cybersecurity-summit-2022?utm_source=Twitter-APAC-ME&utm_medium=CollateralSM&utm_campaign=virtual-summit-anz-2022
7433400,http://bit.ly/3r5uNxP
7433399,https://projects.propublica.org/coronavirus/bailouts/loans/dhmm-tavernbowl-llc-5738278305
7433397,https://tenderlink.co.zw/
7433396,https://relentlesshome.com/vacuum-cleaners-buyers-guide/
7433395,http://relentlesshome.com/vacuum-cleaners-buyers-guide/
7433394,https://2290formgov.com/
7433393,http://2290formgov.com/
7433389,https://at.atwola.com/adlink/5113/2214082/0/225/AdId=10158313;BnId=1;itime=545743200;nodecode=yes;impref=15205457442342663774;imprefseq=222091552342679040;imprefts=1520545744;link=http:/www.buick.com/suvs/enclave-mid-size-luxury-suv
7433386,https://relentlesshome.com/best-handheld-vacuum-for-stairs/
7433385,http://relentlesshome.com/best-handheld-vacuum-for-stairs/
7433365,https://na3.docusign.net/Member/Images/email/icon-DownloadAp=
7433361,https://blog.radware.com/security/2022/02/is-our-digital-future-at-risk-the-security-challenges-for-businesses-in-2022/
7433360,http://ow.ly/HaO950HJyRo
7433359,http://vibejewelrymaui.com/
7433358,https://sts.zb.co.zw/adfs/ls/?wa=wsignin1.0&wtrealm=https://mail.zb.co.zw/owa/&wctx=rm=0&id=passive&ru=/owa/&wct=2022-02-01T22:16:12Z
7433354,https://t.co/qmEm3UVrQn
7433353,http://efectivale.com/combustible/
7433352,http://efectivale.com/combustible
7433347,https://linktr.ee/esdubai
7433346,https://qrco.de/bcYWm4
7433342,https://inner.website/e7510a66dlf8ca448btb7093b95a6a83848c.html
7433341,https://packetstormsecurity.com/files/165777/APPLE-SA-2022-01-26-7.txt
7433340,https://t.co/glGuoFNHdZ?signature=newsletter&trackingid=0Na0XCQCxiSu1dIzVIyKXe9L0xObKIhE
7433335,http://halobandhealth.com/
7433326,https://lnkd.in/dvj9eMwC
7433320,https://taftcommunications.sharefile.com/d-s08580c7b7c544bb98476f63ab9f2e664
7433319,http://ow.ly/E3Ob50D8q7a
7433307,https://spectrum.ieee.org/tech-leaders-on-2022?utm_sq=gyy791jcpm
7433306,https://bit.ly/3GcsbUw
7433302,http://www.jyocosmetics.com/product-tag/jyo/
7433296,https://www.mytrustworth.com/
7433295,http://mytrustworth.com/
7433290,https://cl.exct.net/?qs=2933ee8e7b34eacfe7c25238fe435a9cc14a02c95f0cb1f3ff97553566142cf05469c489ba7a344e98461898dd47fbf712bb173eb30ea89cceecd5fdc5af551b
7433289,https://cl.exct.net/?qs=2933ee8e7b34eacf63bb97aa6dfe11d56c640caa36ae9e7774a8dbe945c1f5ad732f45a865e0279ab00bb7b12490d799f8f9d15bf7ab03dd450a1b869ac02d37
7433285,https://cl.exct.net/?qs=2933ee8e7b34eacf5aeb60ecb4cfc565fe74a9bcd828b093ef4ac4a2da0e9a028f6e34d8b084a6abffccfcaa18e7a187faaff54de131c05de888fe2679b9711d
7433284,https://cl.exct.net/?qs=a747ebf07260485afadd792a19bc4ad9877176da51d3b507681e1b0db8fcab92918b6cc113363c303855f4c4760a93520e72bfc1e1b14b47563edc37da6cc545
7433272,https://raising-independent-kids.com/51-ways-to-help-your-angry-child-calm-down/
7433271,https://ir.novavax.com/2022-01-31-Novavax-Submits-Request-to-the-U-S-FDA-for-Emergency-Use-Authorization-of-COVID-19-Vaccine?sf159335945=1
7433270,https://bit.ly/3ucxAbV
7433269,https://www.hidemyass.com/de-de/proxy
7433268,http://hidemyass.com/de-de/proxy
7433253,https://irei.com/publications/article/back-office-landlords-can-provide-safe-return-workplace-tenants/
7433250,http://www.paypal.de/phishing?utm_source=unp&utm_medium=email&utm_campaign=PPC001683&utm_unptid=ad48a8c9-5768-11eb-bd21-b875c0566001&ppid=PPC001683&cnac=DE&rsta=de_AT&cust=CUXPBAKLQJECS&unptid=ad48a8c9-5768-11eb-bd21-b875c0566001&calc=266828c5e1a52&unp_tpcid=BankRefundReceipt&page=main:email:PPC001683:::&pgrp=main:email&e=cl&mchn=em&s=ci&mail=sys&xt=104038&unp_adv=false
7433247,http://www.paypal.de/phishing?utm_source=unp&utm_medium=email&utm_campaign=PPC001683&utm_unptid=72550439-5f19-11eb-8ebd-b875c0c48b50&ppid=PPC001683&cnac=DE&rsta=de_AT&cust=CUXPBAKLQJECS&unptid=72550439-5f19-11eb-8ebd-b875c0c48b50&calc=34e2fcdb49c89&unp_tpcid=BankRefundReceipt&page=main:email:PPC001683:::&pgrp=main:email&e=cl&mchn=em&s=ci&mail=sys&xt=104038&unp_adv=false
7433244,http://www.paypal.de/phishing?utm_source=unp&utm_medium=email&utm_campaign=PPC001004&utm_unptid=da746f4a-934e-11eb-84f7-3cfdfef04a84&ppid=PPC001004&cnac=DE&rsta=de_AT&cust=D6BUAZLXJD9CG&unptid=da746f4a-934e-11eb-84f7-3cfdfef04a84&calc=323ccab9cbc30&unp_tpcid=PayoutsRegisteredEmailNotification&page=main:email:PPC001004:::&pgrp=main:email&e=cl&mchn=em&s=ci&mail=sys&xt=104038&unp_adv=false
7433239,https://irei.com/news/u-s-student-housing-continues-lead-way/
7433238,http://www.paypal.de/phishing?utm_source=unp&utm_medium=email&utm_campaign=PPC001004&utm_unptid=d9c6283e-cdc3-11eb-8823-b875c0b07ad5&ppid=PPC001004&cnac=DE&rsta=de_AT&cust=D6BUAZLXJD9CG&unptid=d9c6283e-cdc3-11eb-8823-b875c0b07ad5&calc=65f71d3ac86aa&unp_tpcid=PayoutsRegisteredEmailNotification&page=main:email:PPC001004:::&pgrp=main:email&e=cl&mchn=em&s=ci&mail=sys&xt=104038&unp_adv=false
7433237,http://www.paypal.de/phishing?utm_source=unp&utm_medium=email&utm_campaign=PPC001004&utm_unptid=ae430a3e-6f5a-11eb-916a-3cfdfeef7210&ppid=PPC001004&cnac=DE&rsta=de_AT&cust=CUXPBAKLQJECS&unptid=ae430a3e-6f5a-11eb-916a-3cfdfeef7210&calc=69a316b363369&unp_tpcid=PayoutsRegisteredEmailNotification&page=main:email:PPC001004:::&pgrp=main:email&e=cl&mchn=em&s=ci&mail=sys&xt=104038&unp_adv=false
7433233,https://irei.com/news/u-s-reits-end-2019-double-digit-returns/?mkt_tok=eyJpIjoiWXpFNE5qbG1ObVEwWkRZMCIsInQiOiJ3TWVEWG81dEExOU1NaVwvZzlubVZoYTZBRGIwN3laZzRubnhDdE1zM211V2xEMDhiRHBaXC9sZUE2SVZzVmJJcThvcnpmeGpjeWNrMUlTMjVvOVo0Z1lwa3RrYlJWWWtSSlpyMkk0bG5CVUNmVHdZVWg3YVM0V0J5TStpVkRyMFUzIn0=
7433232,http://www.paypal.de/phishing?utm_source=unp&utm_medium=email&utm_campaign=PPC001004&utm_unptid=a9e98a3c-65f8-11eb-9e0e-3cecef442b41&ppid=PPC001004&cnac=DE&rsta=de_AT&cust=CUXPBAKLQJECS&unptid=a9e98a3c-65f8-11eb-9e0e-3cecef442b41&calc=4a3dfc519f315&unp_tpcid=PayoutsRegisteredEmailNotification&page=main:email:PPC001004:::&pgrp=main:email&e=cl&mchn=em&s=ci&mail=sys&xt=104038&unp_adv=false
7433231,https://irei.com/news/technology-revolutionize-construction-industry-3/
7433227,http://www.paypal.de/phishing?utm_source=unp&utm_medium=email&utm_campaign=PPC001004&utm_unptid=956feb6d-4f59-11eb-be4c-b875c0a61a93&ppid=PPC001004&cnac=DE&rsta=de_AT&cust=CUXPBAKLQJECS&unptid=956feb6d-4f59-11eb-be4c-b875c0a61a93&calc=665c76d703f44&unp_tpcid=PayoutsRegisteredEmailNotification&page=main:email:PPC001004:::&pgrp=main:email&e=cl&mchn=em&s=ci&mail=sys&xt=104038&unp_adv=false
7433225,https://irei.com/news/technology-companies-dominate-office-leasing-activity-2019-3/?mkt_tok=eyJpIjoiWm1FeU5EUTVZMk5pTW1VMyIsInQiOiJsaVltTmZ1QjN1aUZCK2hIOTNJVjZCeVwvMndwUDB5cFA0TmtNN2pYckhcLzJSWDdDR1NIRndLU3RBbnJ6NFRoNW5TTkM4bE9cL0VwYThHQ3J4MmZVamdWcTNsMVcxaWZjKzRlOG4rajJkOVR1NW54VHJWRWFCRTl5aUpBekxXTHFSWiJ9
7433224,https://irei.com/news/report-finds-vast-majority-companies-plan-repopulate-office-space-2/
7433222,https://lnkd.in/g6fbfmZd
